observation_date,BAMLH0A0HYM2
2010-01-04,6.34
2010-01-05,6.30
2010-01-06,6.17
2010-01-07,6.03
2010-01-08,6.02
2010-01-11,5.99
2010-01-12,6.07
2010-01-13,6.03
2010-01-14,6.04
2010-01-15,6.10
2010-01-18,6.10
2010-01-19,6.11
2010-01-20,6.16
2010-01-21,6.24
2010-01-22,6.36
2010-01-25,6.42
2010-01-26,6.44
2010-01-27,6.41
2010-01-28,6.41
2010-01-29,6.46
2010-01-31,6.54
2010-02-01,6.54
2010-02-02,6.54
2010-02-03,6.46
2010-02-04,6.59
2010-02-05,6.81
2010-02-08,6.85
2010-02-09,6.88
2010-02-10,6.93
2010-02-11,6.98
2010-02-12,7.03
2010-02-15,7.01
2010-02-16,7.02
2010-02-17,6.80
2010-02-18,6.65
2010-02-19,6.56
2010-02-22,6.50
2010-02-23,6.60
2010-02-24,6.58
2010-02-25,6.65
2010-02-26,6.66
2010-02-28,6.71
2010-03-01,6.66
2010-03-02,6.58
2010-03-03,6.54
2010-03-04,6.49
2010-03-05,6.37
2010-03-08,6.27
2010-03-09,6.23
2010-03-10,6.16
2010-03-11,6.15
2010-03-12,6.11
2010-03-15,6.12
2010-03-16,6.16
2010-03-17,6.11
2010-03-18,6.02
2010-03-19,5.98
2010-03-22,6.02
2010-03-23,6.00
2010-03-24,5.85
2010-03-25,5.78
2010-03-26,5.80
2010-03-29,5.79
2010-03-30,5.77
2010-03-31,5.84
2010-04-01,5.82
2010-04-02,
2010-04-05,5.65
2010-04-06,5.65
2010-04-07,5.72
2010-04-08,5.70
2010-04-09,5.68
2010-04-12,5.68
2010-04-13,5.66
2010-04-14,5.57
2010-04-15,5.52
2010-04-16,5.57
2010-04-19,5.59
2010-04-20,5.54
2010-04-21,5.55
2010-04-22,5.50
2010-04-23,5.44
2010-04-26,5.42
2010-04-27,5.55
2010-04-28,5.51
2010-04-29,5.54
2010-04-30,5.61
2010-05-03,5.57
2010-05-04,5.68
2010-05-05,5.91
2010-05-06,6.26
2010-05-07,6.47
2010-05-10,6.25
2010-05-11,6.34
2010-05-12,6.18
2010-05-13,6.14
2010-05-14,6.33
2010-05-17,6.36
2010-05-18,6.46
2010-05-19,6.59
2010-05-20,6.92
2010-05-21,7.02
2010-05-24,6.97
2010-05-25,7.24
2010-05-26,7.07
2010-05-27,6.88
2010-05-28,6.90
2010-05-31,6.98
2010-06-01,7.04
2010-06-02,7.04
2010-06-03,6.93
2010-06-04,7.14
2010-06-07,7.18
2010-06-08,7.27
2010-06-09,7.26
2010-06-10,7.19
2010-06-11,7.27
2010-06-14,7.16
2010-06-15,7.03
2010-06-16,6.97
2010-06-17,6.91
2010-06-18,6.82
2010-06-21,6.68
2010-06-22,6.75
2010-06-23,6.82
2010-06-24,6.89
2010-06-25,6.90
2010-06-28,6.93
2010-06-29,7.06
2010-06-30,7.13
2010-07-01,7.17
2010-07-02,7.13
2010-07-05,7.13
2010-07-06,7.14
2010-07-07,7.10
2010-07-08,6.98
2010-07-09,6.88
2010-07-12,6.85
2010-07-13,6.70
2010-07-14,6.68
2010-07-15,6.73
2010-07-16,6.77
2010-07-19,6.77
2010-07-20,6.79
2010-07-21,6.75
2010-07-22,6.67
2010-07-23,6.59
2010-07-26,6.54
2010-07-27,6.43
2010-07-28,6.47
2010-07-29,6.48
2010-07-30,6.57
2010-07-31,6.59
2010-08-02,6.54
2010-08-03,6.55
2010-08-04,6.49
2010-08-05,6.51
2010-08-06,6.57
2010-08-09,6.54
2010-08-10,6.60
2010-08-11,6.78
2010-08-12,6.83
2010-08-13,6.87
2010-08-16,6.91
2010-08-17,6.82
2010-08-18,6.78
2010-08-19,6.82
2010-08-20,6.80
2010-08-23,6.82
2010-08-24,6.93
2010-08-25,6.92
2010-08-26,6.93
2010-08-27,6.81
2010-08-30,6.89
2010-08-31,6.92
2010-09-01,6.80
2010-09-02,6.72
2010-09-03,6.62
2010-09-06,6.62
2010-09-07,6.68
2010-09-08,6.59
2010-09-09,6.47
2010-09-10,6.37
2010-09-13,6.36
2010-09-14,6.36
2010-09-15,6.31
2010-09-16,6.25
2010-09-17,6.24
2010-09-20,6.25
2010-09-21,6.32
2010-09-22,6.35
2010-09-23,6.37
2010-09-24,6.32
2010-09-27,6.36
2010-09-28,6.36
2010-09-29,6.29
2010-09-30,6.26
2010-10-01,6.22
2010-10-04,6.23
2010-10-05,6.18
2010-10-06,6.15
2010-10-07,6.13
2010-10-08,6.12
2010-10-11,6.11
2010-10-12,6.08
2010-10-13,6.02
2010-10-14,5.97
2010-10-15,5.95
2010-10-18,6.02
2010-10-19,6.04
2010-10-20,6.06
2010-10-21,6.00
2010-10-22,5.96
2010-10-25,5.90
2010-10-26,5.79
2010-10-27,5.73
2010-10-28,5.77
2010-10-29,5.82
2010-10-31,5.93
2010-11-01,5.96
2010-11-02,5.94
2010-11-03,5.92
2010-11-04,5.89
2010-11-05,5.79
2010-11-08,5.76
2010-11-09,5.64
2010-11-10,5.75
2010-11-11,5.75
2010-11-12,5.75
2010-11-15,5.67
2010-11-16,5.89
2010-11-17,5.89
2010-11-18,5.80
2010-11-19,5.81
2010-11-22,5.90
2010-11-23,6.04
2010-11-24,5.93
2010-11-25,5.93
2010-11-26,5.94
2010-11-29,6.03
2010-11-30,6.22
2010-12-01,6.02
2010-12-02,5.93
2010-12-03,5.92
2010-12-06,5.95
2010-12-07,5.69
2010-12-08,5.62
2010-12-09,5.60
2010-12-10,5.54
2010-12-13,5.58
2010-12-14,5.42
2010-12-15,5.40
2010-12-16,5.45
2010-12-17,5.54
2010-12-20,5.52
2010-12-21,5.50
2010-12-22,5.45
2010-12-23,5.37
2010-12-24,5.37
2010-12-27,5.40
2010-12-28,5.28
2010-12-29,5.40
2010-12-30,5.32
2010-12-31,5.41
2011-01-03,5.32
2011-01-04,5.27
2011-01-05,5.11
2011-01-06,5.13
2011-01-07,5.23
2011-01-10,5.28
2011-01-11,5.22
2011-01-12,5.17
2011-01-13,5.18
2011-01-14,5.12
2011-01-17,5.12
2011-01-18,5.10
2011-01-19,5.11
2011-01-20,5.03
2011-01-21,5.05
2011-01-24,5.03
2011-01-25,5.06
2011-01-26,4.98
2011-01-27,4.99
2011-01-28,5.03
2011-01-31,5.08
2011-02-01,4.99
2011-02-02,4.89
2011-02-03,4.83
2011-02-04,4.68
2011-02-07,4.64
2011-02-08,4.53
2011-02-09,4.60
2011-02-10,4.55
2011-02-11,4.59
2011-02-14,4.58
2011-02-15,4.57
2011-02-16,4.54
2011-02-17,4.56
2011-02-18,4.53
2011-02-21,4.52
2011-02-22,4.66
2011-02-23,4.66
2011-02-24,4.73
2011-02-25,4.72
2011-02-28,4.78
2011-03-01,4.76
2011-03-02,4.72
2011-03-03,4.60
2011-03-04,4.69
2011-03-07,4.69
2011-03-08,4.64
2011-03-09,4.71
2011-03-10,4.85
2011-03-11,4.88
2011-03-14,4.93
2011-03-15,5.09
2011-03-16,5.16
2011-03-17,5.10
2011-03-18,5.02
2011-03-21,4.93
2011-03-22,4.91
2011-03-23,4.91
2011-03-24,4.84
2011-03-25,4.79
2011-03-28,4.76
2011-03-29,4.73
2011-03-30,4.76
2011-03-31,4.77
2011-04-01,4.72
2011-04-04,4.72
2011-04-05,4.65
2011-04-06,4.57
2011-04-07,4.56
2011-04-08,4.53
2011-04-11,4.53
2011-04-12,4.63
2011-04-13,4.65
2011-04-14,4.60
2011-04-15,4.68
2011-04-18,4.74
2011-04-19,4.75
2011-04-20,4.66
2011-04-21,4.65
2011-04-22,
2011-04-25,4.69
2011-04-26,4.71
2011-04-27,4.67
2011-04-28,4.73
2011-04-29,4.71
2011-04-30,4.76
2011-05-02,4.74
2011-05-03,4.76
2011-05-04,4.76
2011-05-05,4.80
2011-05-06,4.81
2011-05-09,4.82
2011-05-10,4.76
2011-05-11,4.79
2011-05-12,4.77
2011-05-13,4.80
2011-05-16,4.79
2011-05-17,4.82
2011-05-18,4.79
2011-05-19,4.80
2011-05-20,4.82
2011-05-23,4.87
2011-05-24,4.89
2011-05-25,4.92
2011-05-26,5.01
2011-05-27,5.01
2011-05-30,5.01
2011-05-31,5.09
2011-06-01,5.15
2011-06-02,5.15
2011-06-03,5.24
2011-06-06,5.25
2011-06-07,5.28
2011-06-08,5.38
2011-06-09,5.38
2011-06-10,5.43
2011-06-13,5.47
2011-06-14,5.37
2011-06-15,5.52
2011-06-16,5.65
2011-06-17,5.64
2011-06-20,5.67
2011-06-21,5.65
2011-06-22,5.62
2011-06-23,5.75
2011-06-24,5.80
2011-06-27,5.78
2011-06-28,5.65
2011-06-29,5.53
2011-06-30,5.42
2011-07-01,5.34
2011-07-04,5.34
2011-07-05,5.37
2011-07-06,5.41
2011-07-07,5.27
2011-07-08,5.39
2011-07-11,5.56
2011-07-12,5.60
2011-07-13,5.57
2011-07-14,5.49
2011-07-15,5.51
2011-07-18,5.54
2011-07-19,5.54
2011-07-20,5.46
2011-07-21,5.36
2011-07-22,5.35
2011-07-25,5.33
2011-07-26,5.35
2011-07-27,5.32
2011-07-28,5.37
2011-07-29,5.51
2011-07-31,5.58
2011-08-01,5.63
2011-08-02,5.80
2011-08-03,5.87
2011-08-04,6.16
2011-08-05,6.24
2011-08-08,6.84
2011-08-09,7.19
2011-08-10,7.30
2011-08-11,7.39
2011-08-12,7.30
2011-08-15,7.10
2011-08-16,7.11
2011-08-17,7.08
2011-08-18,7.23
2011-08-19,7.30
2011-08-22,7.32
2011-08-23,7.46
2011-08-24,7.45
2011-08-25,7.43
2011-08-26,7.50
2011-08-29,7.39
2011-08-30,7.39
2011-08-31,7.30
2011-09-01,7.26
2011-09-02,7.33
2011-09-05,7.34
2011-09-06,7.54
2011-09-07,7.41
2011-09-08,7.42
2011-09-09,7.51
2011-09-12,7.64
2011-09-13,7.62
2011-09-14,7.55
2011-09-15,7.49
2011-09-16,7.46
2011-09-19,7.61
2011-09-20,7.59
2011-09-21,7.61
2011-09-22,7.95
2011-09-23,8.01
2011-09-26,8.00
2011-09-27,7.92
2011-09-28,8.03
2011-09-29,8.16
2011-09-30,8.41
2011-10-03,8.72
2011-10-04,9.10
2011-10-05,8.98
2011-10-06,8.72
2011-10-07,8.55
2011-10-10,8.56
2011-10-11,8.34
2011-10-12,8.07
2011-10-13,8.05
2011-10-14,7.89
2011-10-17,7.88
2011-10-18,7.87
2011-10-19,7.70
2011-10-20,7.64
2011-10-21,7.46
2011-10-24,7.31
2011-10-25,7.29
2011-10-26,7.20
2011-10-27,6.83
2011-10-28,6.85
2011-10-31,7.07
2011-11-01,7.42
2011-11-02,7.35
2011-11-03,7.25
2011-11-04,7.26
2011-11-07,7.29
2011-11-08,7.23
2011-11-09,7.48
2011-11-10,7.46
2011-11-11,7.46
2011-11-14,7.44
2011-11-15,7.49
2011-11-16,7.54
2011-11-17,7.62
2011-11-18,7.61
2011-11-21,7.79
2011-11-22,7.90
2011-11-23,8.03
2011-11-24,8.03
2011-11-25,8.00
2011-11-28,7.95
2011-11-29,7.95
2011-11-30,7.79
2011-12-01,7.69
2011-12-02,7.65
2011-12-05,7.56
2011-12-06,7.50
2011-12-07,7.54
2011-12-08,7.56
2011-12-09,7.53
2011-12-12,7.60
2011-12-13,7.60
2011-12-14,7.63
2011-12-15,7.62
2011-12-16,7.65
2011-12-19,7.65
2011-12-20,7.54
2011-12-21,7.49
2011-12-22,7.45
2011-12-23,7.37
2011-12-26,
2011-12-27,7.37
2011-12-28,7.40
2011-12-29,7.36
2011-12-30,7.38
2011-12-31,7.23
2012-01-02,
2012-01-03,7.06
2012-01-04,7.00
2012-01-05,7.00
2012-01-06,7.00
2012-01-09,6.99
2012-01-10,6.92
2012-01-11,6.98
2012-01-12,6.93
2012-01-13,7.02
2012-01-16,6.98
2012-01-17,6.99
2012-01-18,6.93
2012-01-19,6.77
2012-01-20,6.69
2012-01-23,6.62
2012-01-24,6.62
2012-01-25,6.63
2012-01-26,6.58
2012-01-27,6.57
2012-01-30,6.65
2012-01-31,6.61
2012-02-01,6.54
2012-02-02,6.55
2012-02-03,6.42
2012-02-06,6.44
2012-02-07,6.36
2012-02-08,6.29
2012-02-09,6.26
2012-02-10,6.35
2012-02-13,6.27
2012-02-14,6.27
2012-02-15,6.27
2012-02-16,6.26
2012-02-17,6.20
2012-02-20,6.20
2012-02-21,6.14
2012-02-22,6.15
2012-02-23,6.11
2012-02-24,6.01
2012-02-27,6.05
2012-02-28,6.01
2012-02-29,5.98
2012-03-01,5.94
2012-03-02,5.97
2012-03-05,6.01
2012-03-06,6.25
2012-03-07,6.18
2012-03-08,6.11
2012-03-09,6.09
2012-03-12,6.06
2012-03-13,5.97
2012-03-14,5.83
2012-03-15,5.87
2012-03-16,5.86
2012-03-19,5.79
2012-03-20,5.80
2012-03-21,5.85
2012-03-22,5.91
2012-03-23,5.93
2012-03-26,5.91
2012-03-27,5.93
2012-03-28,5.93
2012-03-29,6.02
2012-03-30,5.95
2012-03-31,5.99
2012-04-02,5.99
2012-04-03,5.91
2012-04-04,5.99
2012-04-05,6.05
2012-04-06,
2012-04-09,6.24
2012-04-10,6.32
2012-04-11,6.30
2012-04-12,6.24
2012-04-13,6.26
2012-04-16,6.23
2012-04-17,6.16
2012-04-18,6.16
2012-04-19,6.17
2012-04-20,6.14
2012-04-23,6.20
2012-04-24,6.14
2012-04-25,6.05
2012-04-26,6.06
2012-04-27,6.02
2012-04-30,6.04
2012-05-01,5.96
2012-05-02,5.96
2012-05-03,5.92
2012-05-04,5.94
2012-05-07,5.95
2012-05-08,6.00
2012-05-09,6.04
2012-05-10,6.00
2012-05-11,6.02
2012-05-14,6.11
2012-05-15,6.15
2012-05-16,6.22
2012-05-17,6.44
2012-05-18,6.52
2012-05-21,6.63
2012-05-22,6.55
2012-05-23,6.66
2012-05-24,6.62
2012-05-25,6.63
2012-05-28,6.63
2012-05-29,6.59
2012-05-30,6.71
2012-05-31,6.96
2012-06-01,7.16
2012-06-04,7.17
2012-06-05,7.23
2012-06-06,7.06
2012-06-07,6.95
2012-06-08,6.95
2012-06-11,6.90
2012-06-12,6.90
2012-06-13,6.91
2012-06-14,6.85
2012-06-15,6.84
2012-06-18,6.81
2012-06-19,6.65
2012-06-20,6.54
2012-06-21,6.52
2012-06-22,6.52
2012-06-25,6.60
2012-06-26,6.57
2012-06-27,6.52
2012-06-28,6.52
2012-06-29,6.36
2012-06-30,6.44
2012-07-02,6.45
2012-07-03,6.39
2012-07-04,6.38
2012-07-05,6.40
2012-07-06,6.44
2012-07-09,6.44
2012-07-10,6.40
2012-07-11,6.37
2012-07-12,6.41
2012-07-13,6.41
2012-07-16,6.39
2012-07-17,6.36
2012-07-18,6.33
2012-07-19,6.25
2012-07-20,6.28
2012-07-23,6.38
2012-07-24,6.40
2012-07-25,6.40
2012-07-26,6.35
2012-07-27,6.22
2012-07-30,6.20
2012-07-31,6.16
2012-08-01,6.10
2012-08-02,6.13
2012-08-03,6.01
2012-08-06,6.00
2012-08-07,5.91
2012-08-08,5.89
2012-08-09,5.91
2012-08-10,5.98
2012-08-13,5.96
2012-08-14,5.92
2012-08-15,5.88
2012-08-16,5.89
2012-08-17,5.89
2012-08-20,5.86
2012-08-21,5.83
2012-08-22,5.88
2012-08-23,5.89
2012-08-24,5.87
2012-08-27,5.87
2012-08-28,5.88
2012-08-29,5.84
2012-08-30,5.86
2012-08-31,5.98
2012-09-03,5.98
2012-09-04,5.94
2012-09-05,5.91
2012-09-06,5.80
2012-09-07,5.74
2012-09-10,5.68
2012-09-11,5.64
2012-09-12,5.51
2012-09-13,5.50
2012-09-14,5.30
2012-09-17,5.32
2012-09-18,5.33
2012-09-19,5.34
2012-09-20,5.38
2012-09-21,5.42
2012-09-24,5.50
2012-09-25,5.56
2012-09-26,5.80
2012-09-27,5.73
2012-09-28,5.72
2012-09-30,5.74
2012-10-01,5.71
2012-10-02,5.72
2012-10-03,5.68
2012-10-04,5.62
2012-10-05,5.55
2012-10-08,5.54
2012-10-09,5.56
2012-10-10,5.61
2012-10-11,5.57
2012-10-12,5.56
2012-10-15,5.48
2012-10-16,5.40
2012-10-17,5.27
2012-10-18,5.24
2012-10-19,5.31
2012-10-22,5.28
2012-10-23,5.41
2012-10-24,5.39
2012-10-25,5.33
2012-10-26,5.41
2012-10-29,5.46
2012-10-30,
2012-10-31,5.63
2012-11-01,5.57
2012-11-02,5.54
2012-11-05,5.57
2012-11-06,5.49
2012-11-07,5.63
2012-11-08,5.67
2012-11-09,5.77
2012-11-12,5.77
2012-11-13,5.82
2012-11-14,5.84
2012-11-15,5.94
2012-11-16,5.98
2012-11-19,5.85
2012-11-20,5.79
2012-11-21,5.72
2012-11-22,5.72
2012-11-23,5.71
2012-11-26,5.68
2012-11-27,5.65
2012-11-28,5.66
2012-11-29,5.58
2012-11-30,5.65
2012-12-03,5.60
2012-12-04,5.58
2012-12-05,5.51
2012-12-06,5.48
2012-12-07,5.42
2012-12-10,5.41
2012-12-11,5.35
2012-12-12,5.29
2012-12-13,5.27
2012-12-14,5.28
2012-12-17,5.31
2012-12-18,5.19
2012-12-19,5.19
2012-12-20,5.19
2012-12-21,5.26
2012-12-24,5.24
2012-12-25,
2012-12-26,5.24
2012-12-27,5.28
2012-12-28,5.30
2012-12-31,5.34
2013-01-01,
2013-01-02,5.16
2013-01-03,5.06
2013-01-04,5.04
2013-01-07,5.02
2013-01-08,5.02
2013-01-09,4.99
2013-01-10,4.94
2013-01-11,4.93
2013-01-14,4.91
2013-01-15,4.96
2013-01-16,4.95
2013-01-17,4.88
2013-01-18,4.89
2013-01-21,4.88
2013-01-22,4.88
2013-01-23,4.85
2013-01-24,4.82
2013-01-25,4.73
2013-01-28,4.72
2013-01-29,4.78
2013-01-30,4.84
2013-01-31,4.95
2013-02-01,4.94
2013-02-04,5.01
2013-02-05,5.01
2013-02-06,5.04
2013-02-07,5.08
2013-02-08,5.08
2013-02-11,5.06
2013-02-12,5.04
2013-02-13,4.97
2013-02-14,4.97
2013-02-15,4.96
2013-02-18,4.95
2013-02-19,4.92
2013-02-20,4.92
2013-02-21,4.99
2013-02-22,4.97
2013-02-25,4.97
2013-02-26,5.02
2013-02-27,4.98
2013-02-28,4.98
2013-03-01,5.00
2013-03-04,4.98
2013-03-05,4.92
2013-03-06,4.88
2013-03-07,4.81
2013-03-08,4.76
2013-03-11,4.75
2013-03-12,4.76
2013-03-13,4.75
2013-03-14,4.71
2013-03-15,4.72
2013-03-18,4.77
2013-03-19,4.78
2013-03-20,4.76
2013-03-21,4.76
2013-03-22,4.78
2013-03-25,4.75
2013-03-26,4.78
2013-03-27,4.81
2013-03-28,4.80
2013-03-29,
2013-03-31,4.86
2013-04-01,4.87
2013-04-02,4.84
2013-04-03,4.87
2013-04-04,4.89
2013-04-05,4.95
2013-04-08,4.90
2013-04-09,4.87
2013-04-10,4.78
2013-04-11,4.73
2013-04-12,4.75
2013-04-15,4.79
2013-04-16,4.78
2013-04-17,4.80
2013-04-18,4.80
2013-04-19,4.78
2013-04-22,4.75
2013-04-23,4.71
2013-04-24,4.66
2013-04-25,4.61
2013-04-26,4.60
2013-04-29,4.53
2013-04-30,4.55
2013-05-01,4.50
2013-05-02,4.45
2013-05-03,4.33
2013-05-06,4.30
2013-05-07,4.24
2013-05-08,4.24
2013-05-09,4.23
2013-05-10,4.23
2013-05-13,4.35
2013-05-14,4.35
2013-05-15,4.36
2013-05-16,4.42
2013-05-17,4.37
2013-05-20,4.34
2013-05-21,4.35
2013-05-22,4.27
2013-05-23,4.42
2013-05-24,4.45
2013-05-27,4.44
2013-05-28,4.35
2013-05-29,4.55
2013-05-30,4.54
2013-05-31,4.62
2013-06-03,4.76
2013-06-04,4.79
2013-06-05,5.03
2013-06-06,5.08
2013-06-07,4.89
2013-06-10,4.86
2013-06-11,5.08
2013-06-12,5.02
2013-06-13,5.11
2013-06-14,5.04
2013-06-17,4.97
2013-06-18,4.96
2013-06-19,4.85
2013-06-20,5.12
2013-06-21,5.09
2013-06-24,5.34
2013-06-25,5.34
2013-06-26,5.29
2013-06-27,5.23
2013-06-28,5.16
2013-06-30,5.21
2013-07-01,5.17
2013-07-02,5.15
2013-07-03,5.15
2013-07-04,5.15
2013-07-05,5.04
2013-07-08,5.11
2013-07-09,5.04
2013-07-10,4.98
2013-07-11,4.90
2013-07-12,4.80
2013-07-15,4.77
2013-07-16,4.72
2013-07-17,4.68
2013-07-18,4.57
2013-07-19,4.56
2013-07-22,4.53
2013-07-23,4.50
2013-07-24,4.55
2013-07-25,4.65
2013-07-26,4.71
2013-07-29,4.69
2013-07-30,4.66
2013-07-31,4.71
2013-08-01,4.63
2013-08-02,4.74
2013-08-05,4.74
2013-08-06,4.76
2013-08-07,4.81
2013-08-08,4.80
2013-08-09,4.80
2013-08-12,4.78
2013-08-13,4.72
2013-08-14,4.69
2013-08-15,4.74
2013-08-16,4.70
2013-08-19,4.71
2013-08-20,4.80
2013-08-21,4.77
2013-08-22,4.73
2013-08-23,4.75
2013-08-26,4.75
2013-08-27,4.82
2013-08-28,4.77
2013-08-29,4.76
2013-08-30,
2013-09-02,4.78
2013-09-03,4.69
2013-09-04,4.64
2013-09-05,4.59
2013-09-06,4.63
2013-09-09,4.66
2013-09-10,4.60
2013-09-11,4.63
2013-09-12,4.61
2013-09-13,4.60
2013-09-16,4.54
2013-09-17,4.59
2013-09-18,4.67
2013-09-19,4.51
2013-09-20,4.54
2013-09-23,4.60
2013-09-24,4.65
2013-09-25,4.70
2013-09-26,4.69
2013-09-27,4.75
2013-09-30,4.83
2013-10-01,4.78
2013-10-02,4.78
2013-10-03,4.75
2013-10-04,4.70
2013-10-07,4.69
2013-10-08,4.68
2013-10-09,4.67
2013-10-10,4.61
2013-10-11,4.62
2013-10-14,4.60
2013-10-15,4.54
2013-10-16,4.55
2013-10-17,4.53
2013-10-18,4.46
2013-10-21,4.41
2013-10-22,4.44
2013-10-23,4.44
2013-10-24,4.40
2013-10-25,4.42
2013-10-28,4.44
2013-10-29,4.45
2013-10-30,4.43
2013-10-31,4.36
2013-11-01,4.31
2013-11-04,4.33
2013-11-05,4.33
2013-11-06,4.35
2013-11-07,4.34
2013-11-08,4.38
2013-11-11,4.38
2013-11-12,4.35
2013-11-13,4.42
2013-11-14,4.41
2013-11-15,4.38
2013-11-18,4.35
2013-11-19,4.31
2013-11-20,4.29
2013-11-21,4.32
2013-11-22,4.30
2013-11-25,4.27
2013-11-26,4.27
2013-11-27,4.24
2013-11-28,4.24
2013-11-29,4.23
2013-11-30,4.27
2013-12-02,4.19
2013-12-03,4.22
2013-12-04,4.19
2013-12-05,4.16
2013-12-06,4.13
2013-12-09,4.11
2013-12-10,4.15
2013-12-11,4.11
2013-12-12,4.11
2013-12-13,4.12
2013-12-16,4.09
2013-12-17,4.15
2013-12-18,4.14
2013-12-19,4.07
2013-12-20,4.04
2013-12-23,4.00
2013-12-24,3.96
2013-12-25,
2013-12-26,3.96
2013-12-27,3.96
2013-12-30,3.97
2013-12-31,4.00
2014-01-01,
2014-01-02,4.00
2014-01-03,3.98
2014-01-06,3.96
2014-01-07,3.92
2014-01-08,3.87
2014-01-09,3.88
2014-01-10,3.95
2014-01-13,3.97
2014-01-14,3.92
2014-01-15,3.87
2014-01-16,3.88
2014-01-17,3.88
2014-01-20,3.88
2014-01-21,3.86
2014-01-22,3.82
2014-01-23,3.92
2014-01-24,4.08
2014-01-27,4.09
2014-01-28,4.08
2014-01-29,4.15
2014-01-30,4.12
2014-01-31,4.21
2014-02-03,4.28
2014-02-04,4.31
2014-02-05,4.28
2014-02-06,4.21
2014-02-07,4.20
2014-02-10,4.16
2014-02-11,4.08
2014-02-12,4.01
2014-02-13,4.07
2014-02-14,4.03
2014-02-17,4.03
2014-02-18,4.01
2014-02-19,3.95
2014-02-20,3.92
2014-02-21,3.90
2014-02-24,3.85
2014-02-25,3.84
2014-02-26,3.84
2014-02-27,3.83
2014-02-28,3.81
2014-03-03,3.87
2014-03-04,3.79
2014-03-05,3.78
2014-03-06,3.78
2014-03-07,3.79
2014-03-10,3.82
2014-03-11,3.82
2014-03-12,3.87
2014-03-13,3.92
2014-03-14,3.96
2014-03-17,3.90
2014-03-18,3.87
2014-03-19,3.74
2014-03-20,3.79
2014-03-21,3.76
2014-03-24,3.75
2014-03-25,3.73
2014-03-26,3.75
2014-03-27,3.77
2014-03-28,3.73
2014-03-31,3.77
2014-04-01,3.73
2014-04-02,3.66
2014-04-03,3.64
2014-04-04,3.68
2014-04-07,3.72
2014-04-08,3.73
2014-04-09,3.74
2014-04-10,3.77
2014-04-11,3.82
2014-04-14,3.76
2014-04-15,3.75
2014-04-16,3.73
2014-04-17,3.68
2014-04-18,
2014-04-21,3.67
2014-04-22,3.65
2014-04-23,3.68
2014-04-24,3.66
2014-04-25,3.69
2014-04-28,3.68
2014-04-29,3.66
2014-04-30,3.71
2014-05-01,3.75
2014-05-02,3.73
2014-05-05,3.74
2014-05-06,3.72
2014-05-07,3.74
2014-05-08,3.75
2014-05-09,3.74
2014-05-12,3.70
2014-05-13,3.70
2014-05-14,3.73
2014-05-15,3.78
2014-05-16,3.77
2014-05-19,3.76
2014-05-20,3.77
2014-05-21,3.77
2014-05-22,3.78
2014-05-23,3.78
2014-05-26,3.78
2014-05-27,3.76
2014-05-28,3.80
2014-05-29,3.78
2014-05-30,3.75
2014-05-31,3.67
2014-06-02,3.61
2014-06-03,3.59
2014-06-04,3.59
2014-06-05,3.59
2014-06-06,3.53
2014-06-09,3.50
2014-06-10,3.46
2014-06-11,3.46
2014-06-12,3.50
2014-06-13,3.47
2014-06-16,3.43
2014-06-17,3.39
2014-06-18,3.41
2014-06-19,3.39
2014-06-20,3.36
2014-06-23,3.35
2014-06-24,3.37
2014-06-25,3.43
2014-06-26,3.47
2014-06-27,3.48
2014-06-30,3.53
2014-07-01,3.50
2014-07-02,3.46
2014-07-03,3.44
2014-07-04,3.44
2014-07-07,3.44
2014-07-08,3.48
2014-07-09,3.51
2014-07-10,3.62
2014-07-11,3.61
2014-07-14,3.57
2014-07-15,3.60
2014-07-16,3.63
2014-07-17,3.74
2014-07-18,3.78
2014-07-21,3.80
2014-07-22,3.79
2014-07-23,3.77
2014-07-24,3.72
2014-07-25,3.75
2014-07-28,3.74
2014-07-29,3.80
2014-07-30,3.79
2014-07-31,4.04
2014-08-01,4.25
2014-08-04,4.24
2014-08-05,4.17
2014-08-06,4.21
2014-08-07,4.20
2014-08-08,4.20
2014-08-11,4.12
2014-08-12,4.07
2014-08-13,4.03
2014-08-14,3.97
2014-08-15,3.97
2014-08-18,3.89
2014-08-19,3.85
2014-08-20,3.79
2014-08-21,3.81
2014-08-22,3.79
2014-08-25,3.77
2014-08-26,3.78
2014-08-27,3.81
2014-08-28,3.82
2014-08-29,3.80
2014-08-31,3.84
2014-09-01,3.84
2014-09-02,3.80
2014-09-03,3.83
2014-09-04,3.85
2014-09-05,3.93
2014-09-08,3.92
2014-09-09,3.93
2014-09-10,4.01
2014-09-11,4.05
2014-09-12,4.03
2014-09-15,4.06
2014-09-16,4.10
2014-09-17,4.05
2014-09-18,3.98
2014-09-19,3.97
2014-09-22,4.02
2014-09-23,4.13
2014-09-24,4.18
2014-09-25,4.33
2014-09-26,4.40
2014-09-29,4.51
2014-09-30,4.40
2014-10-01,4.45
2014-10-02,4.42
2014-10-03,4.29
2014-10-06,4.26
2014-10-07,4.37
2014-10-08,4.48
2014-10-09,4.52
2014-10-10,4.66
2014-10-13,4.66
2014-10-14,4.83
2014-10-15,5.08
2014-10-16,4.98
2014-10-17,4.68
2014-10-20,4.68
2014-10-21,4.50
2014-10-22,4.44
2014-10-23,4.38
2014-10-24,4.38
2014-10-27,4.41
2014-10-28,4.39
2014-10-29,4.32
2014-10-30,4.35
2014-10-31,4.30
2014-11-03,4.29
2014-11-04,4.35
2014-11-05,4.32
2014-11-06,4.30
2014-11-07,4.36
2014-11-10,4.32
2014-11-11,4.32
2014-11-12,4.33
2014-11-13,4.37
2014-11-14,4.43
2014-11-17,4.46
2014-11-18,4.53
2014-11-19,4.57
2014-11-20,4.61
2014-11-21,4.54
2014-11-24,4.54
2014-11-25,4.54
2014-11-26,4.56
2014-11-27,4.56
2014-11-28,4.64
2014-11-30,4.67
2014-12-01,4.82
2014-12-02,4.82
2014-12-03,4.81
2014-12-04,4.83
2014-12-05,4.77
2014-12-08,4.87
2014-12-09,5.06
2014-12-10,5.21
2014-12-11,5.25
2014-12-12,5.47
2014-12-15,5.52
2014-12-16,5.71
2014-12-17,5.48
2014-12-18,5.15
2014-12-19,5.09
2014-12-22,5.03
2014-12-23,4.94
2014-12-24,4.93
2014-12-25,
2014-12-26,4.93
2014-12-29,4.96
2014-12-30,4.98
2014-12-31,5.04
2015-01-01,
2015-01-02,5.08
2015-01-05,5.21
2015-01-06,5.37
2015-01-07,5.31
2015-01-08,5.17
2015-01-09,5.20
2015-01-12,5.27
2015-01-13,5.28
2015-01-14,5.39
2015-01-15,5.42
2015-01-16,
2015-01-19,5.39
2015-01-20,5.39
2015-01-21,5.36
2015-01-22,5.27
2015-01-23,5.30
2015-01-26,5.26
2015-01-27,5.29
2015-01-28,5.31
2015-01-29,5.28
2015-01-30,5.37
2015-01-31,5.26
2015-02-02,5.26
2015-02-03,5.11
2015-02-04,5.05
2015-02-05,4.99
2015-02-06,4.78
2015-02-09,4.80
2015-02-10,4.75
2015-02-11,4.76
2015-02-12,4.74
2015-02-13,4.71
2015-02-16,4.69
2015-02-17,4.57
2015-02-18,4.62
2015-02-19,4.58
2015-02-20,4.53
2015-02-23,4.56
2015-02-24,4.58
2015-02-25,4.54
2015-02-26,4.43
2015-02-27,4.43
2015-02-28,4.46
2015-03-02,4.38
2015-03-03,4.38
2015-03-04,4.44
2015-03-05,4.46
2015-03-06,4.42
2015-03-09,4.51
2015-03-10,4.66
2015-03-11,4.61
2015-03-12,4.62
2015-03-13,4.68
2015-03-16,4.72
2015-03-17,4.79
2015-03-18,4.91
2015-03-19,4.79
2015-03-20,4.81
2015-03-23,4.82
2015-03-24,4.81
2015-03-25,4.76
2015-03-26,4.74
2015-03-27,4.76
2015-03-30,4.73
2015-03-31,4.82
2015-04-01,4.86
2015-04-02,4.82
2015-04-03,
2015-04-06,4.80
2015-04-07,4.72
2015-04-08,4.67
2015-04-09,4.62
2015-04-10,4.60
2015-04-13,4.60
2015-04-14,4.62
2015-04-15,4.58
2015-04-16,4.61
2015-04-17,4.66
2015-04-20,4.60
2015-04-21,4.57
2015-04-22,4.53
2015-04-23,4.55
2015-04-24,4.56
2015-04-27,4.55
2015-04-28,4.52
2015-04-29,4.53
2015-04-30,4.59
2015-05-01,4.53
2015-05-04,4.51
2015-05-05,4.48
2015-05-06,4.50
2015-05-07,4.55
2015-05-08,4.53
2015-05-11,4.45
2015-05-12,4.56
2015-05-13,4.51
2015-05-14,4.52
2015-05-15,4.55
2015-05-18,4.49
2015-05-19,4.46
2015-05-20,4.49
2015-05-21,4.51
2015-05-22,4.47
2015-05-25,
2015-05-26,4.51
2015-05-27,4.48
2015-05-28,4.50
2015-05-29,4.52
2015-05-31,4.58
2015-06-01,4.52
2015-06-02,4.49
2015-06-03,4.46
2015-06-04,4.56
2015-06-05,4.56
2015-06-08,4.61
2015-06-09,4.66
2015-06-10,4.60
2015-06-11,4.62
2015-06-12,4.63
2015-06-15,4.71
2015-06-16,4.77
2015-06-17,4.76
2015-06-18,4.71
2015-06-19,4.73
2015-06-22,4.62
2015-06-23,4.62
2015-06-24,4.66
2015-06-25,4.67
2015-06-26,4.65
2015-06-29,4.91
2015-06-30,5.00
2015-07-01,4.88
2015-07-02,4.91
2015-07-03,4.91
2015-07-06,5.07
2015-07-07,5.13
2015-07-08,5.21
2015-07-09,5.11
2015-07-10,4.97
2015-07-13,4.93
2015-07-14,4.94
2015-07-15,4.93
2015-07-16,4.91
2015-07-17,4.95
2015-07-20,4.96
2015-07-21,5.06
2015-07-22,5.16
2015-07-23,5.21
2015-07-24,5.32
2015-07-27,5.49
2015-07-28,5.44
2015-07-29,5.33
2015-07-30,5.26
2015-07-31,5.36
2015-08-03,5.45
2015-08-04,5.41
2015-08-05,5.29
2015-08-06,5.40
2015-08-07,5.52
2015-08-10,5.51
2015-08-11,5.67
2015-08-12,5.79
2015-08-13,5.66
2015-08-14,5.52
2015-08-17,5.58
2015-08-18,5.56
2015-08-19,5.68
2015-08-20,5.75
2015-08-21,5.86
2015-08-24,6.14
2015-08-25,5.90
2015-08-26,5.91
2015-08-27,5.80
2015-08-28,5.72
2015-08-31,5.70
2015-09-01,5.78
2015-09-02,5.73
2015-09-03,5.70
2015-09-04,5.74
2015-09-07,5.74
2015-09-08,5.64
2015-09-09,5.59
2015-09-10,5.58
2015-09-11,5.62
2015-09-14,5.62
2015-09-15,5.54
2015-09-16,5.59
2015-09-17,5.71
2015-09-18,5.80
2015-09-21,5.77
2015-09-22,5.98
2015-09-23,5.98
2015-09-24,6.14
2015-09-25,6.15
2015-09-28,6.48
2015-09-29,6.60
2015-09-30,6.62
2015-10-01,6.67
2015-10-02,6.83
2015-10-05,6.62
2015-10-06,6.52
2015-10-07,6.32
2015-10-08,6.26
2015-10-09,6.13
2015-10-12,6.13
2015-10-13,6.24
2015-10-14,6.31
2015-10-15,6.26
2015-10-16,6.18
2015-10-19,6.16
2015-10-20,6.06
2015-10-21,6.07
2015-10-22,6.10
2015-10-23,5.97
2015-10-26,6.00
2015-10-27,6.07
2015-10-28,5.97
2015-10-29,5.89
2015-10-30,5.88
2015-10-31,5.90
2015-11-02,5.84
2015-11-03,5.77
2015-11-04,5.73
2015-11-05,5.80
2015-11-06,5.82
2015-11-09,5.94
2015-11-10,6.02
2015-11-11,6.02
2015-11-12,6.13
2015-11-13,6.24
2015-11-16,6.28
2015-11-17,6.19
2015-11-18,6.20
2015-11-19,6.28
2015-11-20,6.32
2015-11-23,6.35
2015-11-24,6.41
2015-11-25,6.37
2015-11-26,6.37
2015-11-27,6.38
2015-11-30,6.40
2015-12-01,6.40
2015-12-02,6.34
2015-12-03,6.32
2015-12-04,6.37
2015-12-07,6.51
2015-12-08,6.65
2015-12-09,6.72
2015-12-10,6.71
2015-12-11,7.10
2015-12-14,7.33
2015-12-15,7.09
2015-12-16,6.98
2015-12-17,7.01
2015-12-18,7.20
2015-12-21,7.25
2015-12-22,7.15
2015-12-23,7.05
2015-12-24,7.05
2015-12-25,
2015-12-28,7.07
2015-12-29,6.96
2015-12-30,6.95
2015-12-31,6.95
2016-01-01,
2016-01-04,7.10
2016-01-05,7.03
2016-01-06,7.11
2016-01-07,7.24
2016-01-08,7.23
2016-01-11,7.31
2016-01-12,7.38
2016-01-13,7.50
2016-01-14,7.57
2016-01-15,7.89
2016-01-18,7.90
2016-01-19,7.88
2016-01-20,8.27
2016-01-21,8.13
2016-01-22,7.87
2016-01-25,7.85
2016-01-26,7.83
2016-01-27,7.78
2016-01-28,7.75
2016-01-29,7.74
2016-01-31,7.77
2016-02-01,7.79
2016-02-02,7.98
2016-02-03,8.03
2016-02-04,8.03
2016-02-05,8.10
2016-02-08,8.51
2016-02-09,8.62
2016-02-10,8.53
2016-02-11,8.87
2016-02-12,8.64
2016-02-15,8.59
2016-02-16,8.45
2016-02-17,8.21
2016-02-18,8.17
2016-02-19,8.23
2016-02-22,8.09
2016-02-23,8.10
2016-02-24,8.17
2016-02-25,8.08
2016-02-26,7.80
2016-02-29,7.75
2016-03-01,7.46
2016-03-02,7.31
2016-03-03,7.28
2016-03-04,7.08
2016-03-07,7.03
2016-03-08,7.14
2016-03-09,7.15
2016-03-10,7.04
2016-03-11,6.82
2016-03-14,6.74
2016-03-15,6.84
2016-03-16,6.94
2016-03-17,6.82
2016-03-18,6.71
2016-03-21,6.65
2016-03-22,6.69
2016-03-23,6.79
2016-03-24,6.93
2016-03-25,
2016-03-28,6.99
2016-03-29,7.14
2016-03-30,7.03
2016-03-31,7.05
2016-04-01,7.05
2016-04-04,7.03
2016-04-05,7.13
2016-04-06,7.04
2016-04-07,7.11
2016-04-08,7.03
2016-04-11,7.00
2016-04-12,6.87
2016-04-13,6.71
2016-04-14,6.60
2016-04-15,6.62
2016-04-18,6.62
2016-04-19,6.46
2016-04-20,6.31
2016-04-21,6.29
2016-04-22,6.29
2016-04-25,6.32
2016-04-26,6.26
2016-04-27,6.25
2016-04-28,6.19
2016-04-29,6.24
2016-04-30,6.21
2016-05-02,6.16
2016-05-03,6.31
2016-05-04,6.39
2016-05-05,6.42
2016-05-06,6.48
2016-05-09,6.53
2016-05-10,6.46
2016-05-11,6.40
2016-05-12,6.36
2016-05-13,6.41
2016-05-16,6.30
2016-05-17,6.26
2016-05-18,6.16
2016-05-19,6.29
2016-05-20,6.22
2016-05-23,6.21
2016-05-24,6.13
2016-05-25,6.04
2016-05-26,6.08
2016-05-27,6.08
2016-05-30,6.08
2016-05-31,5.97
2016-06-01,6.01
2016-06-02,6.00
2016-06-03,6.09
2016-06-06,6.00
2016-06-07,5.92
2016-06-08,5.82
2016-06-09,5.86
2016-06-10,5.98
2016-06-13,6.07
2016-06-14,6.19
2016-06-15,6.18
2016-06-16,6.32
2016-06-17,6.21
2016-06-20,6.00
2016-06-21,6.00
2016-06-22,5.96
2016-06-23,5.83
2016-06-24,6.33
2016-06-27,6.57
2016-06-28,6.48
2016-06-29,6.26
2016-06-30,6.21
2016-07-01,6.12
2016-07-04,6.12
2016-07-05,6.16
2016-07-06,6.14
2016-07-07,6.02
2016-07-08,5.88
2016-07-11,5.66
2016-07-12,5.46
2016-07-13,5.58
2016-07-14,5.44
2016-07-15,5.42
2016-07-18,5.44
2016-07-19,5.45
2016-07-20,5.40
2016-07-21,5.41
2016-07-22,5.39
2016-07-25,5.39
2016-07-26,5.45
2016-07-27,5.51
2016-07-28,5.54
2016-07-29,5.61
2016-07-31,5.69
2016-08-01,5.69
2016-08-02,5.73
2016-08-03,5.72
2016-08-04,5.65
2016-08-05,5.46
2016-08-08,5.42
2016-08-09,5.36
2016-08-10,5.38
2016-08-11,5.31
2016-08-12,5.34
2016-08-15,5.23
2016-08-16,5.17
2016-08-17,5.19
2016-08-18,5.20
2016-08-19,5.15
2016-08-22,5.18
2016-08-23,5.14
2016-08-24,5.13
2016-08-25,5.14
2016-08-26,5.04
2016-08-29,5.10
2016-08-30,5.07
2016-08-31,5.10
2016-09-01,5.12
2016-09-02,5.09
2016-09-05,5.09
2016-09-06,5.09
2016-09-07,5.07
2016-09-08,4.99
2016-09-09,5.10
2016-09-12,5.18
2016-09-13,5.24
2016-09-14,5.26
2016-09-15,5.26
2016-09-16,5.27
2016-09-19,5.25
2016-09-20,5.24
2016-09-21,5.22
2016-09-22,5.09
2016-09-23,5.10
2016-09-26,5.16
2016-09-27,5.18
2016-09-28,5.14
2016-09-29,5.09
2016-09-30,4.97
2016-10-03,4.93
2016-10-04,4.85
2016-10-05,4.78
2016-10-06,4.75
2016-10-07,4.76
2016-10-10,4.76
2016-10-11,4.75
2016-10-12,4.75
2016-10-13,4.82
2016-10-14,4.72
2016-10-17,4.76
2016-10-18,4.72
2016-10-19,4.66
2016-10-20,4.62
2016-10-21,4.62
2016-10-24,4.60
2016-10-25,4.60
2016-10-26,4.66
2016-10-27,4.69
2016-10-28,4.76
2016-10-31,4.91
2016-11-01,5.05
2016-11-02,5.15
2016-11-03,5.15
2016-11-04,5.20
2016-11-07,5.01
2016-11-08,4.98
2016-11-09,4.94
2016-11-10,4.97
2016-11-11,4.97
2016-11-14,5.11
2016-11-15,4.94
2016-11-16,4.94
2016-11-17,4.85
2016-11-18,4.84
2016-11-21,4.78
2016-11-22,4.70
2016-11-23,4.66
2016-11-24,4.66
2016-11-25,4.64
2016-11-28,4.66
2016-11-29,4.69
2016-11-30,4.67
2016-12-01,4.62
2016-12-02,4.64
2016-12-05,4.58
2016-12-06,4.50
2016-12-07,4.42
2016-12-08,4.38
2016-12-09,4.28
2016-12-12,4.25
2016-12-13,4.20
2016-12-14,4.12
2016-12-15,4.20
2016-12-16,4.21
2016-12-19,4.23
2016-12-20,4.20
2016-12-21,4.19
2016-12-22,4.17
2016-12-23,4.16
2016-12-26,
2016-12-27,4.11
2016-12-28,4.15
2016-12-29,4.18
2016-12-30,4.21
2016-12-31,4.22
2017-01-02,
2017-01-03,4.13
2017-01-04,4.02
2017-01-05,4.04
2017-01-06,3.98
2017-01-09,4.02
2017-01-10,4.00
2017-01-11,4.03
2017-01-12,4.05
2017-01-13,4.02
2017-01-16,4.00
2017-01-17,4.06
2017-01-18,4.01
2017-01-19,3.99
2017-01-20,4.02
2017-01-23,4.10
2017-01-24,4.02
2017-01-25,3.93
2017-01-26,3.93
2017-01-27,3.93
2017-01-30,3.96
2017-01-31,4.00
2017-02-01,3.95
2017-02-02,3.93
2017-02-03,3.86
2017-02-06,3.91
2017-02-07,3.93
2017-02-08,3.98
2017-02-09,3.93
2017-02-10,3.90
2017-02-13,3.86
2017-02-14,3.80
2017-02-15,3.77
2017-02-16,3.83
2017-02-17,3.86
2017-02-20,3.86
2017-02-21,3.81
2017-02-22,3.78
2017-02-23,3.77
2017-02-24,3.84
2017-02-27,3.75
2017-02-28,3.74
2017-03-01,3.57
2017-03-02,3.55
2017-03-03,3.60
2017-03-06,3.66
2017-03-07,3.73
2017-03-08,3.79
2017-03-09,3.88
2017-03-10,3.89
2017-03-13,3.94
2017-03-14,4.05
2017-03-15,4.02
2017-03-16,3.88
2017-03-17,3.91
2017-03-20,3.97
2017-03-21,4.04
2017-03-22,4.16
2017-03-23,4.11
2017-03-24,4.07
2017-03-27,4.12
2017-03-28,4.01
2017-03-29,3.94
2017-03-30,3.85
2017-03-31,3.92
2017-04-03,3.98
2017-04-04,3.98
2017-04-05,3.91
2017-04-06,3.93
2017-04-07,3.86
2017-04-10,3.86
2017-04-11,3.94
2017-04-12,3.96
2017-04-13,4.03
2017-04-14,
2017-04-17,4.00
2017-04-18,4.07
2017-04-19,4.01
2017-04-20,3.98
2017-04-21,3.97
2017-04-24,3.86
2017-04-25,3.78
2017-04-26,3.76
2017-04-27,3.78
2017-04-28,3.75
2017-04-30,3.81
2017-05-01,3.78
2017-05-02,3.79
2017-05-03,3.76
2017-05-04,3.80
2017-05-05,3.82
2017-05-08,3.80
2017-05-09,3.74
2017-05-10,3.72
2017-05-11,3.72
2017-05-12,3.77
2017-05-15,3.72
2017-05-16,3.71
2017-05-17,3.84
2017-05-18,3.85
2017-05-19,3.78
2017-05-22,3.72
2017-05-23,3.67
2017-05-24,3.68
2017-05-25,3.67
2017-05-26,3.67
2017-05-29,3.67
2017-05-30,3.68
2017-05-31,3.74
2017-06-01,3.69
2017-06-02,3.69
2017-06-05,3.68
2017-06-06,3.72
2017-06-07,3.73
2017-06-08,3.76
2017-06-09,3.73
2017-06-12,3.71
2017-06-13,3.68
2017-06-14,3.70
2017-06-15,3.72
2017-06-16,3.76
2017-06-19,3.70
2017-06-20,3.77
2017-06-21,3.85
2017-06-22,3.87
2017-06-23,3.86
2017-06-26,3.83
2017-06-27,3.77
2017-06-28,3.77
2017-06-29,3.76
2017-06-30,3.77
2017-07-03,3.72
2017-07-04,3.72
2017-07-05,3.73
2017-07-06,3.78
2017-07-07,3.83
2017-07-10,3.83
2017-07-11,3.85
2017-07-12,3.81
2017-07-13,3.77
2017-07-14,3.73
2017-07-17,3.69
2017-07-18,3.69
2017-07-19,3.64
2017-07-20,3.61
2017-07-21,3.64
2017-07-24,3.63
2017-07-25,3.55
2017-07-26,3.56
2017-07-27,3.55
2017-07-28,3.59
2017-07-31,3.61
2017-08-01,3.60
2017-08-02,3.59
2017-08-03,3.63
2017-08-04,3.63
2017-08-07,3.64
2017-08-08,3.64
2017-08-09,3.81
2017-08-10,3.92
2017-08-11,4.00
2017-08-14,3.89
2017-08-15,3.87
2017-08-16,3.88
2017-08-17,3.93
2017-08-18,3.98
2017-08-21,4.00
2017-08-22,3.93
2017-08-23,3.95
2017-08-24,3.91
2017-08-25,3.89
2017-08-28,3.88
2017-08-29,3.90
2017-08-30,3.86
2017-08-31,3.85
2017-09-01,3.82
2017-09-04,3.82
2017-09-05,3.91
2017-09-06,3.84
2017-09-07,3.88
2017-09-08,3.92
2017-09-11,3.85
2017-09-12,3.81
2017-09-13,3.78
2017-09-14,3.74
2017-09-15,3.73
2017-09-18,3.68
2017-09-19,3.66
2017-09-20,3.60
2017-09-21,3.62
2017-09-22,3.64
2017-09-25,3.66
2017-09-26,3.62
2017-09-27,3.57
2017-09-28,3.57
2017-09-29,3.54
2017-09-30,3.56
2017-10-02,3.55
2017-10-03,3.55
2017-10-04,3.54
2017-10-05,3.52
2017-10-06,3.52
2017-10-09,3.51
2017-10-10,3.52
2017-10-11,3.52
2017-10-12,3.56
2017-10-13,3.60
2017-10-16,3.53
2017-10-17,3.50
2017-10-18,3.46
2017-10-19,3.48
2017-10-20,3.42
2017-10-23,3.40
2017-10-24,3.38
2017-10-25,3.42
2017-10-26,3.41
2017-10-27,3.44
2017-10-30,3.49
2017-10-31,3.51
2017-11-01,3.48
2017-11-02,3.52
2017-11-03,3.52
2017-11-06,3.55
2017-11-07,3.57
2017-11-08,3.67
2017-11-09,3.79
2017-11-10,3.76
2017-11-13,3.77
2017-11-14,3.84
2017-11-15,3.97
2017-11-16,3.79
2017-11-17,3.76
2017-11-20,3.70
2017-11-21,3.66
2017-11-22,3.70
2017-11-23,3.70
2017-11-24,3.67
2017-11-27,3.66
2017-11-28,3.67
2017-11-29,3.64
2017-11-30,3.61
2017-12-01,3.63
2017-12-04,3.58
2017-12-05,3.57
2017-12-06,3.63
2017-12-07,3.63
2017-12-08,3.63
2017-12-11,3.61
2017-12-12,3.58
2017-12-13,3.64
2017-12-14,3.63
2017-12-15,3.64
2017-12-18,3.64
2017-12-19,3.60
2017-12-20,3.58
2017-12-21,3.57
2017-12-22,3.56
2017-12-25,
2017-12-26,3.57
2017-12-27,3.59
2017-12-28,3.55
2017-12-29,3.58
2017-12-31,3.63
2018-01-01,
2018-01-02,3.55
2018-01-03,3.48
2018-01-04,3.40
2018-01-05,3.36
2018-01-08,3.35
2018-01-09,3.33
2018-01-10,3.42
2018-01-11,3.40
2018-01-12,3.37
2018-01-15,3.35
2018-01-16,3.34
2018-01-17,3.34
2018-01-18,3.35
2018-01-19,3.35
2018-01-22,3.32
2018-01-23,3.31
2018-01-24,3.28
2018-01-25,3.28
2018-01-26,3.23
2018-01-29,3.26
2018-01-30,3.33
2018-01-31,3.29
2018-02-01,3.29
2018-02-02,3.36
2018-02-05,3.48
2018-02-06,3.60
2018-02-07,3.46
2018-02-08,3.59
2018-02-09,3.82
2018-02-12,3.71
2018-02-13,3.78
2018-02-14,3.69
2018-02-15,3.57
2018-02-16,3.50
2018-02-19,3.50
2018-02-20,3.48
2018-02-21,3.46
2018-02-22,3.53
2018-02-23,3.58
2018-02-26,3.50
2018-02-27,3.47
2018-02-28,3.47
2018-03-01,3.59
2018-03-02,3.65
2018-03-05,3.59
2018-03-06,3.53
2018-03-07,3.56
2018-03-08,3.56
2018-03-09,3.53
2018-03-12,3.55
2018-03-13,3.58
2018-03-14,3.62
2018-03-15,3.62
2018-03-16,3.60
2018-03-19,3.65
2018-03-20,3.62
2018-03-21,3.60
2018-03-22,3.70
2018-03-23,3.74
2018-03-26,3.73
2018-03-27,3.75
2018-03-28,3.77
2018-03-29,3.79
2018-03-30,
2018-03-31,3.72
2018-04-02,3.77
2018-04-03,3.71
2018-04-04,3.71
2018-04-05,3.59
2018-04-06,3.64
2018-04-09,3.61
2018-04-10,3.52
2018-04-11,3.50
2018-04-12,3.42
2018-04-13,3.38
2018-04-16,3.33
2018-04-17,3.29
2018-04-18,3.24
2018-04-19,3.33
2018-04-20,3.33
2018-04-23,3.36
2018-04-24,3.41
2018-04-25,3.47
2018-04-26,3.43
2018-04-27,3.44
2018-04-30,3.46
2018-05-01,3.47
2018-05-02,3.45
2018-05-03,3.50
2018-05-04,3.49
2018-05-07,3.46
2018-05-08,3.46
2018-05-09,3.43
2018-05-10,3.41
2018-05-11,3.40
2018-05-14,3.37
2018-05-15,3.36
2018-05-16,3.37
2018-05-17,3.36
2018-05-18,3.41
2018-05-21,3.40
2018-05-22,3.39
2018-05-23,3.48
2018-05-24,3.49
2018-05-25,3.53
2018-05-28,3.53
2018-05-29,3.75
2018-05-30,3.64
2018-05-31,3.63
2018-06-01,3.55
2018-06-04,3.49
2018-06-05,3.50
2018-06-06,3.44
2018-06-07,3.44
2018-06-08,3.45
2018-06-11,3.39
2018-06-12,3.38
2018-06-13,3.33
2018-06-14,3.31
2018-06-15,3.33
2018-06-18,3.34
2018-06-19,3.40
2018-06-20,3.34
2018-06-21,3.39
2018-06-22,3.39
2018-06-25,3.47
2018-06-26,3.48
2018-06-27,3.56
2018-06-28,3.64
2018-06-29,3.61
2018-06-30,3.71
2018-07-02,3.78
2018-07-03,3.77
2018-07-04,3.77
2018-07-05,3.74
2018-07-06,3.74
2018-07-09,3.65
2018-07-10,3.59
2018-07-11,3.66
2018-07-12,3.61
2018-07-13,3.62
2018-07-16,3.59
2018-07-17,3.58
2018-07-18,3.56
2018-07-19,3.59
2018-07-20,3.55
2018-07-23,3.50
2018-07-24,3.47
2018-07-25,3.48
2018-07-26,3.42
2018-07-27,3.42
2018-07-30,3.43
2018-07-31,3.46
2018-08-01,3.43
2018-08-02,3.43
2018-08-03,3.43
2018-08-06,3.43
2018-08-07,3.35
2018-08-08,3.37
2018-08-09,3.38
2018-08-10,3.50
2018-08-13,3.52
2018-08-14,3.48
2018-08-15,3.55
2018-08-16,3.49
2018-08-17,3.49
2018-08-20,3.52
2018-08-21,3.48
2018-08-22,3.48
2018-08-23,3.47
2018-08-24,3.46
2018-08-27,3.43
2018-08-28,3.40
2018-08-29,3.39
2018-08-30,3.44
2018-08-31,3.49
2018-09-03,3.49
2018-09-04,3.46
2018-09-05,3.49
2018-09-06,3.52
2018-09-07,3.48
2018-09-10,3.46
2018-09-11,3.40
2018-09-12,3.38
2018-09-13,3.35
2018-09-14,3.29
2018-09-17,3.29
2018-09-18,3.24
2018-09-19,3.24
2018-09-20,3.25
2018-09-21,3.25
2018-09-24,3.28
2018-09-25,3.26
2018-09-26,3.27
2018-09-27,3.25
2018-09-28,3.24
2018-09-30,3.28
2018-10-01,3.22
2018-10-02,3.22
2018-10-03,3.16
2018-10-04,3.29
2018-10-05,3.32
2018-10-08,3.32
2018-10-09,3.41
2018-10-10,3.51
2018-10-11,3.58
2018-10-12,3.54
2018-10-15,3.49
2018-10-16,3.45
2018-10-17,3.45
2018-10-18,3.51
2018-10-19,3.51
2018-10-22,3.52
2018-10-23,3.65
2018-10-24,3.68
2018-10-25,3.72
2018-10-26,3.85
2018-10-29,3.84
2018-10-30,3.89
2018-10-31,3.81
2018-11-01,3.81
2018-11-02,3.72
2018-11-05,3.72
2018-11-06,3.68
2018-11-07,3.60
2018-11-08,3.57
2018-11-09,3.71
2018-11-12,3.71
2018-11-13,3.89
2018-11-14,3.99
2018-11-15,4.11
2018-11-16,4.18
2018-11-19,4.25
2018-11-20,4.33
2018-11-21,4.24
2018-11-22,4.25
2018-11-23,4.29
2018-11-26,4.26
2018-11-27,4.31
2018-11-28,4.25
2018-11-29,4.22
2018-11-30,4.29
2018-12-03,4.20
2018-12-04,4.29
2018-12-05,4.29
2018-12-06,4.50
2018-12-07,4.50
2018-12-10,4.56
2018-12-11,4.48
2018-12-12,4.40
2018-12-13,4.39
2018-12-14,4.46
2018-12-17,4.58
2018-12-18,4.72
2018-12-19,4.84
2018-12-20,5.11
2018-12-21,5.22
2018-12-24,5.35
2018-12-25,
2018-12-26,5.37
2018-12-27,5.38
2018-12-28,5.30
2018-12-31,5.33
2019-01-01,
2019-01-02,5.35
2019-01-03,5.44
2019-01-04,5.05
2019-01-07,4.83
2019-01-08,4.65
2019-01-09,4.52
2019-01-10,4.54
2019-01-11,4.55
2019-01-14,4.60
2019-01-15,4.55
2019-01-16,4.44
2019-01-17,4.40
2019-01-18,4.27
2019-01-21,4.27
2019-01-22,4.41
2019-01-23,4.39
2019-01-24,4.45
2019-01-25,4.34
2019-01-28,4.41
2019-01-29,4.40
2019-01-30,4.36
2019-01-31,4.37
2019-02-01,4.29
2019-02-04,4.25
2019-02-05,4.15
2019-02-06,4.13
2019-02-07,4.29
2019-02-08,4.32
2019-02-11,4.28
2019-02-12,4.17
2019-02-13,4.12
2019-02-14,4.17
2019-02-15,4.12
2019-02-18,4.12
2019-02-19,4.11
2019-02-20,4.08
2019-02-21,4.04
2019-02-22,4.05
2019-02-25,4.00
2019-02-26,4.01
2019-02-27,3.94
2019-02-28,3.92
2019-03-01,3.86
2019-03-04,3.90
2019-03-05,3.91
2019-03-06,3.98
2019-03-07,4.10
2019-03-08,4.18
2019-03-11,4.12
2019-03-12,4.08
2019-03-13,3.99
2019-03-14,3.95
2019-03-15,3.95
2019-03-18,3.95
2019-03-19,3.91
2019-03-20,3.97
2019-03-21,3.92
2019-03-22,4.03
2019-03-25,4.13
2019-03-26,4.09
2019-03-27,4.09
2019-03-28,4.08
2019-03-29,3.99
2019-03-31,4.05
2019-04-01,3.94
2019-04-02,3.95
2019-04-03,3.90
2019-04-04,3.90
2019-04-05,3.86
2019-04-08,3.84
2019-04-09,3.86
2019-04-10,3.86
2019-04-11,3.79
2019-04-12,3.68
2019-04-15,3.68
2019-04-16,3.64
2019-04-17,3.67
2019-04-18,3.73
2019-04-19,
2019-04-22,3.73
2019-04-23,3.72
2019-04-24,3.73
2019-04-25,3.75
2019-04-26,3.76
2019-04-29,3.73
2019-04-30,3.73
2019-05-01,3.71
2019-05-02,3.74
2019-05-03,3.72
2019-05-06,3.82
2019-05-07,3.89
2019-05-08,3.87
2019-05-09,3.99
2019-05-10,4.01
2019-05-13,4.20
2019-05-14,4.13
2019-05-15,4.17
2019-05-16,4.06
2019-05-17,4.07
2019-05-20,4.06
2019-05-21,3.99
2019-05-22,4.03
2019-05-23,4.22
2019-05-24,4.16
2019-05-27,4.16
2019-05-28,4.19
2019-05-29,4.36
2019-05-30,4.33
2019-05-31,4.59
2019-06-03,4.70
2019-06-04,4.53
2019-06-05,4.48
2019-06-06,4.42
2019-06-07,4.37
2019-06-10,4.23
2019-06-11,4.20
2019-06-12,4.22
2019-06-13,4.24
2019-06-14,4.23
2019-06-17,4.23
2019-06-18,4.14
2019-06-19,4.16
2019-06-20,4.03
2019-06-21,3.95
2019-06-24,4.00
2019-06-25,4.09
2019-06-26,4.05
2019-06-27,4.09
2019-06-28,4.07
2019-06-30,4.07
2019-07-01,3.99
2019-07-02,4.04
2019-07-03,4.02
2019-07-04,4.02
2019-07-05,3.98
2019-07-08,4.00
2019-07-09,4.03
2019-07-10,4.01
2019-07-11,4.00
2019-07-12,4.02
2019-07-15,4.00
2019-07-16,3.96
2019-07-17,4.01
2019-07-18,4.11
2019-07-19,4.07
2019-07-22,4.06
2019-07-23,3.99
2019-07-24,3.98
2019-07-25,3.93
2019-07-26,3.89
2019-07-29,3.93
2019-07-30,3.97
2019-07-31,3.93
2019-08-01,4.10
2019-08-02,4.19
2019-08-05,4.53
2019-08-06,4.46
2019-08-07,4.52
2019-08-08,4.31
2019-08-09,4.31
2019-08-12,4.40
2019-08-13,4.25
2019-08-14,4.49
2019-08-15,4.52
2019-08-16,4.47
2019-08-19,4.36
2019-08-20,4.35
2019-08-21,4.21
2019-08-22,4.16
2019-08-23,4.25
2019-08-26,4.22
2019-08-27,4.19
2019-08-28,4.17
2019-08-29,4.08
2019-08-30,4.09
2019-08-31,4.13
2019-09-02,4.13
2019-09-03,4.23
2019-09-04,4.23
2019-09-05,4.07
2019-09-06,4.05
2019-09-09,3.99
2019-09-10,3.90
2019-09-11,3.92
2019-09-12,3.85
2019-09-13,3.83
2019-09-16,3.80
2019-09-17,3.81
2019-09-18,3.82
2019-09-19,3.77
2019-09-20,3.81
2019-09-23,3.84
2019-09-24,3.90
2019-09-25,3.91
2019-09-26,3.95
2019-09-27,3.99
2019-09-30,4.02
2019-10-01,4.08
2019-10-02,4.28
2019-10-03,4.40
2019-10-04,4.38
2019-10-07,4.31
2019-10-08,4.39
2019-10-09,4.32
2019-10-10,4.26
2019-10-11,4.10
2019-10-14,4.08
2019-10-15,4.01
2019-10-16,4.01
2019-10-17,4.00
2019-10-18,4.02
2019-10-21,3.98
2019-10-22,3.99
2019-10-23,3.98
2019-10-24,3.96
2019-10-25,3.89
2019-10-28,3.85
2019-10-29,3.86
2019-10-30,3.96
2019-10-31,4.15
2019-11-01,4.09
2019-11-04,3.99
2019-11-05,3.97
2019-11-06,4.02
2019-11-07,3.96
2019-11-08,4.00
2019-11-11,3.99
2019-11-12,4.00
2019-11-13,4.05
2019-11-14,4.08
2019-11-15,4.06
2019-11-18,4.09
2019-11-19,4.12
2019-11-20,4.18
2019-11-21,4.17
2019-11-22,4.13
2019-11-25,4.08
2019-11-26,4.05
2019-11-27,3.99
2019-11-28,
2019-11-29,4.01
2019-11-30,4.02
2019-12-02,4.03
2019-12-03,4.14
2019-12-04,4.02
2019-12-05,4.00
2019-12-06,3.89
2019-12-09,3.88
2019-12-10,3.84
2019-12-11,3.83
2019-12-12,3.70
2019-12-13,3.71
2019-12-16,3.62
2019-12-17,3.58
2019-12-18,3.51
2019-12-19,3.54
2019-12-20,3.53
2019-12-23,3.52
2019-12-24,3.53
2019-12-25,
2019-12-26,3.53
2019-12-27,3.56
2019-12-30,3.60
2019-12-31,3.60
2020-01-01,
2020-01-02,3.56
2020-01-03,3.61
2020-01-06,3.57
2020-01-07,3.54
2020-01-08,3.50
2020-01-09,3.49
2020-01-10,3.48
2020-01-13,3.48
2020-01-14,3.45
2020-01-15,3.44
2020-01-16,3.42
2020-01-17,3.39
2020-01-20,3.38
2020-01-21,3.47
2020-01-22,3.49
2020-01-23,3.58
2020-01-24,3.68
2020-01-27,4.03
2020-01-28,3.86
2020-01-29,3.83
2020-01-30,3.95
2020-01-31,4.03
2020-02-03,3.97
2020-02-04,3.85
2020-02-05,3.75
2020-02-06,3.70
2020-02-07,3.75
2020-02-10,3.75
2020-02-11,3.65
2020-02-12,3.59
2020-02-13,3.57
2020-02-14,3.56
2020-02-17,3.56
2020-02-18,3.61
2020-02-19,3.57
2020-02-20,3.62
2020-02-21,3.66
2020-02-24,4.03
2020-02-25,4.18
2020-02-26,4.27
2020-02-27,4.62
2020-02-28,5.04
2020-02-29,5.06
2020-03-02,4.97
2020-03-03,4.84
2020-03-04,4.75
2020-03-05,5.05
2020-03-06,5.64
2020-03-09,6.68
2020-03-10,6.38
2020-03-11,6.61
2020-03-12,7.42
2020-03-13,7.31
2020-03-16,8.38
2020-03-17,8.41
2020-03-18,9.04
2020-03-19,9.82
2020-03-20,10.09
2020-03-23,10.87
2020-03-24,10.55
2020-03-25,10.11
2020-03-26,9.29
2020-03-27,8.99
2020-03-30,8.82
2020-03-31,8.77
2020-04-01,9.11
2020-04-02,9.17
2020-04-03,9.43
2020-04-06,9.26
2020-04-07,8.88
2020-04-08,8.81
2020-04-09,7.96
2020-04-10,
2020-04-13,7.70
2020-04-14,7.35
2020-04-15,7.64
2020-04-16,7.58
2020-04-17,7.31
2020-04-20,7.52
2020-04-21,7.90
2020-04-22,7.85
2020-04-23,7.87
2020-04-24,8.03
2020-04-27,8.01
2020-04-28,8.02
2020-04-29,7.87
2020-04-30,7.63
2020-05-01,7.70
2020-05-04,7.79
2020-05-05,7.60
2020-05-06,7.60
2020-05-07,7.60
2020-05-08,7.52
2020-05-11,7.51
2020-05-12,7.42
2020-05-13,7.61
2020-05-14,7.77
2020-05-15,7.78
2020-05-18,7.41
2020-05-19,7.35
2020-05-20,7.16
2020-05-21,7.08
2020-05-22,7.06
2020-05-25,7.06
2020-05-26,6.75
2020-05-27,6.70
2020-05-28,6.60
2020-05-29,6.71
2020-05-31,6.54
2020-06-01,6.43
2020-06-02,6.18
2020-06-03,5.80
2020-06-04,5.83
2020-06-05,5.50
2020-06-08,5.51
2020-06-09,5.75
2020-06-10,5.92
2020-06-11,6.40
2020-06-12,6.28
2020-06-15,6.25
2020-06-16,5.78
2020-06-17,5.85
2020-06-18,6.01
2020-06-19,6.02
2020-06-22,6.03
2020-06-23,6.02
2020-06-24,6.23
2020-06-25,6.30
2020-06-26,6.41
2020-06-29,6.52
2020-06-30,6.44
2020-07-01,6.33
2020-07-02,6.17
2020-07-03,6.17
2020-07-06,6.03
2020-07-07,6.04
2020-07-08,6.06
2020-07-09,6.14
2020-07-10,6.14
2020-07-13,6.01
2020-07-14,6.03
2020-07-15,5.81
2020-07-16,5.76
2020-07-17,5.74
2020-07-20,5.54
2020-07-21,5.33
2020-07-22,5.28
2020-07-23,5.26
2020-07-24,5.29
2020-07-27,5.24
2020-07-28,5.27
2020-07-29,5.15
2020-07-30,5.14
2020-07-31,5.16
2020-08-03,5.08
2020-08-04,5.13
2020-08-05,5.04
2020-08-06,5.06
2020-08-07,5.06
2020-08-10,5.09
2020-08-11,5.03
2020-08-12,5.10
2020-08-13,5.16
2020-08-14,5.26
2020-08-17,5.29
2020-08-18,5.26
2020-08-19,5.25
2020-08-20,5.28
2020-08-21,5.25
2020-08-24,5.17
2020-08-25,5.07
2020-08-26,5.02
2020-08-27,4.98
2020-08-28,5.00
2020-08-31,5.02
2020-09-01,4.97
2020-09-02,4.93
2020-09-03,5.04
2020-09-04,5.13
2020-09-07,5.13
2020-09-08,5.25
2020-09-09,5.16
2020-09-10,5.16
2020-09-11,5.21
2020-09-14,5.18
2020-09-15,5.14
2020-09-16,5.07
2020-09-17,5.14
2020-09-18,5.16
2020-09-21,5.42
2020-09-22,5.45
2020-09-23,5.47
2020-09-24,5.64
2020-09-25,5.64
2020-09-28,5.52
2020-09-29,5.50
2020-09-30,5.41
2020-10-01,5.36
2020-10-02,5.38
2020-10-05,5.18
2020-10-06,5.06
2020-10-07,5.02
2020-10-08,4.97
2020-10-09,4.92
2020-10-12,4.92
2020-10-13,4.88
2020-10-14,4.89
2020-10-15,5.01
2020-10-16,4.94
2020-10-19,4.91
2020-10-20,4.90
2020-10-21,4.91
2020-10-22,4.88
2020-10-23,4.87
2020-10-26,5.03
2020-10-27,5.06
2020-10-28,5.29
2020-10-29,5.25
2020-10-30,5.25
2020-10-31,5.32
2020-11-02,5.25
2020-11-03,5.07
2020-11-04,4.79
2020-11-05,4.59
2020-11-06,4.67
2020-11-09,4.22
2020-11-10,4.37
2020-11-11,4.37
2020-11-12,4.62
2020-11-13,4.63
2020-11-16,4.50
2020-11-17,4.48
2020-11-18,4.42
2020-11-19,4.48
2020-11-20,4.49
2020-11-23,4.43
2020-11-24,4.31
2020-11-25,4.33
2020-11-26,4.33
2020-11-27,4.35
2020-11-30,4.33
2020-12-01,4.21
2020-12-02,4.17
2020-12-03,4.10
2020-12-04,4.03
2020-12-07,4.03
2020-12-08,4.03
2020-12-09,4.04
2020-12-10,4.08
2020-12-11,4.13
2020-12-14,4.07
2020-12-15,4.06
2020-12-16,4.06
2020-12-17,4.05
2020-12-18,4.03
2020-12-21,4.18
2020-12-22,4.12
2020-12-23,4.07
2020-12-24,4.05
2020-12-25,
2020-12-28,3.89
2020-12-29,3.85
2020-12-30,3.87
2020-12-31,3.86
2021-01-01,
2021-01-04,3.93
2021-01-05,3.92
2021-01-06,3.80
2021-01-07,3.78
2021-01-08,3.76
2021-01-11,3.82
2021-01-12,3.85
2021-01-13,3.82
2021-01-14,3.73
2021-01-15,3.74
2021-01-18,3.73
2021-01-19,3.71
2021-01-20,3.67
2021-01-21,3.65
2021-01-22,3.75
2021-01-25,3.75
2021-01-26,3.74
2021-01-27,3.85
2021-01-28,3.76
2021-01-29,3.79
2021-01-31,3.84
2021-02-01,3.83
2021-02-02,3.75
2021-02-03,3.68
2021-02-04,3.64
2021-02-05,3.58
2021-02-08,3.54
2021-02-09,3.51
2021-02-10,3.51
2021-02-11,3.50
2021-02-12,3.48
2021-02-15,3.47
2021-02-16,3.41
2021-02-17,3.44
2021-02-18,3.46
2021-02-19,3.41
2021-02-22,3.44
2021-02-23,3.47
2021-02-24,3.42
2021-02-25,3.42
2021-02-26,3.52
2021-02-28,3.57
2021-03-01,3.54
2021-03-02,3.53
2021-03-03,3.51
2021-03-04,3.54
2021-03-05,3.60
2021-03-08,3.57
2021-03-09,3.62
2021-03-10,3.63
2021-03-11,3.52
2021-03-12,3.55
2021-03-15,3.55
2021-03-16,3.55
2021-03-17,3.65
2021-03-18,3.66
2021-03-19,3.67
2021-03-22,3.58
2021-03-23,3.57
2021-03-24,3.51
2021-03-25,3.53
2021-03-26,3.48
2021-03-29,3.43
2021-03-30,3.44
2021-03-31,3.36
2021-04-01,3.33
2021-04-02,
2021-04-05,3.25
2021-04-06,3.25
2021-04-07,3.22
2021-04-08,3.21
2021-04-09,3.24
2021-04-12,3.24
2021-04-13,3.32
2021-04-14,3.25
2021-04-15,3.25
2021-04-16,3.22
2021-04-19,3.25
2021-04-20,3.35
2021-04-21,3.34
2021-04-22,3.34
2021-04-23,3.29
2021-04-26,3.26
2021-04-27,3.24
2021-04-28,3.26
2021-04-29,3.24
2021-04-30,3.28
2021-05-03,3.27
2021-05-04,3.32
2021-05-05,3.29
2021-05-06,3.30
2021-05-07,3.27
2021-05-10,3.26
2021-05-11,3.36
2021-05-12,3.34
2021-05-13,3.37
2021-05-14,3.35
2021-05-17,3.35
2021-05-18,3.35
2021-05-19,3.40
2021-05-20,3.42
2021-05-21,3.37
2021-05-24,3.37
2021-05-25,3.34
2021-05-26,3.35
2021-05-27,3.30
2021-05-28,3.29
2021-05-31,3.34
2021-06-01,3.33
2021-06-02,3.31
2021-06-03,3.28
2021-06-04,3.28
2021-06-07,3.27
2021-06-08,3.26
2021-06-09,3.22
2021-06-10,3.23
2021-06-11,3.21
2021-06-14,3.17
2021-06-15,3.17
2021-06-16,3.12
2021-06-17,3.15
2021-06-18,3.18
2021-06-21,3.14
2021-06-22,3.15
2021-06-23,3.13
2021-06-24,3.08
2021-06-25,3.04
2021-06-28,3.05
2021-06-29,3.03
2021-06-30,3.04
2021-07-01,3.02
2021-07-02,3.04
2021-07-05,3.03
2021-07-06,3.05
2021-07-07,3.05
2021-07-08,3.14
2021-07-09,3.07
2021-07-12,3.05
2021-07-13,3.04
2021-07-14,3.10
2021-07-15,3.14
2021-07-16,3.18
2021-07-19,3.44
2021-07-20,3.38
2021-07-21,3.24
2021-07-22,3.24
2021-07-23,3.22
2021-07-26,3.21
2021-07-27,3.27
2021-07-28,3.26
2021-07-29,3.23
2021-07-30,3.26
2021-07-31,3.32
2021-08-02,3.36
2021-08-03,3.42
2021-08-04,3.42
2021-08-05,3.37
2021-08-06,3.32
2021-08-09,3.34
2021-08-10,3.32
2021-08-11,3.37
2021-08-12,3.34
2021-08-13,3.36
2021-08-16,3.38
2021-08-17,3.37
2021-08-18,3.35
2021-08-19,3.42
2021-08-20,3.37
2021-08-23,3.34
2021-08-24,3.26
2021-08-25,3.22
2021-08-26,3.20
2021-08-27,3.17
2021-08-30,3.16
2021-08-31,3.21
2021-09-01,3.19
2021-09-02,3.16
2021-09-03,3.14
2021-09-06,3.13
2021-09-07,3.16
2021-09-08,3.16
2021-09-09,3.15
2021-09-10,3.11
2021-09-13,3.09
2021-09-14,3.11
2021-09-15,3.08
2021-09-16,3.06
2021-09-17,3.04
2021-09-20,3.23
2021-09-21,3.17
2021-09-22,3.09
2021-09-23,3.03
2021-09-24,3.05
2021-09-27,3.06
2021-09-28,3.13
2021-09-29,3.09
2021-09-30,3.15
2021-10-01,3.20
2021-10-04,3.21
2021-10-05,3.17
2021-10-06,3.29
2021-10-07,3.19
2021-10-08,3.20
2021-10-11,3.20
2021-10-12,3.28
2021-10-13,3.25
2021-10-14,3.18
2021-10-15,3.12
2021-10-18,3.11
2021-10-19,3.09
2021-10-20,3.07
2021-10-21,3.03
2021-10-22,3.07
2021-10-25,3.11
2021-10-26,3.09
2021-10-27,3.11
2021-10-28,3.08
2021-10-29,3.08
2021-10-31,3.15
2021-11-01,3.16
2021-11-02,3.21
2021-11-03,3.18
2021-11-04,3.19
2021-11-05,3.12
2021-11-08,3.03
2021-11-09,3.08
2021-11-10,3.06
2021-11-11,3.06
2021-11-12,3.09
2021-11-15,3.10
2021-11-16,3.12
2021-11-17,3.17
2021-11-18,3.19
2021-11-19,3.24
2021-11-22,3.18
2021-11-23,3.30
2021-11-24,3.32
2021-11-25,3.32
2021-11-26,3.62
2021-11-29,3.53
2021-11-30,3.67
2021-12-01,3.58
2021-12-02,3.54
2021-12-03,3.56
2021-12-06,3.41
2021-12-07,3.16
2021-12-08,3.21
2021-12-09,3.25
2021-12-10,3.29
2021-12-13,3.33
2021-12-14,3.35
2021-12-15,3.33
2021-12-16,3.32
2021-12-17,3.36
2021-12-20,3.41
2021-12-21,3.25
2021-12-22,3.21
2021-12-23,3.12
2021-12-24,
2021-12-27,3.02
2021-12-28,3.01
2021-12-29,3.03
2021-12-30,3.09
2021-12-31,3.10
2022-01-03,3.05
2022-01-04,3.09
2022-01-05,3.07
2022-01-06,3.15
2022-01-07,3.20
2022-01-10,3.24
2022-01-11,3.18
2022-01-12,3.06
2022-01-13,3.10
2022-01-14,3.09
2022-01-17,3.09
2022-01-18,3.12
2022-01-19,3.11
2022-01-20,3.10
2022-01-21,3.29
2022-01-24,3.44
2022-01-25,3.39
2022-01-26,3.25
2022-01-27,3.46
2022-01-28,3.61
2022-01-31,3.63
2022-02-01,3.51
2022-02-02,3.45
2022-02-03,3.51
2022-02-04,3.56
2022-02-07,3.60
2022-02-08,3.55
2022-02-09,3.46
2022-02-10,3.44
2022-02-11,3.66
2022-02-14,3.74
2022-02-15,3.67
2022-02-16,3.68
2022-02-17,3.74
2022-02-18,3.78
2022-02-21,3.78
2022-02-22,3.75
2022-02-23,3.72
2022-02-24,3.93
2022-02-25,3.62
2022-02-28,3.77
2022-03-01,3.89
2022-03-02,3.71
2022-03-03,3.71
2022-03-04,3.90
2022-03-07,4.01
2022-03-08,4.03
2022-03-09,3.94
2022-03-10,4.00
2022-03-11,4.05
2022-03-14,4.16
2022-03-15,4.21
2022-03-16,3.96
2022-03-17,3.81
2022-03-18,3.81
2022-03-21,3.67
2022-03-22,3.70
2022-03-23,3.72
2022-03-24,3.67
2022-03-25,3.51
2022-03-28,3.54
2022-03-29,3.38
2022-03-30,3.33
2022-03-31,3.43
2022-04-01,3.40
2022-04-04,3.33
2022-04-05,3.27
2022-04-06,3.48
2022-04-07,3.54
2022-04-08,3.57
2022-04-11,3.73
2022-04-12,3.75
2022-04-13,3.77
2022-04-14,3.68
2022-04-15,
2022-04-18,3.64
2022-04-19,3.58
2022-04-20,3.56
2022-04-21,3.50
2022-04-22,3.65
2022-04-25,3.80
2022-04-26,3.83
2022-04-27,3.89
2022-04-28,3.83
2022-04-29,3.93
2022-04-30,3.97
2022-05-02,4.05
2022-05-03,3.97
2022-05-04,4.10
2022-05-05,4.03
2022-05-06,4.18
2022-05-09,4.47
2022-05-10,4.52
2022-05-11,4.55
2022-05-12,4.77
2022-05-13,4.63
2022-05-16,4.71
2022-05-17,4.60
2022-05-18,4.84
2022-05-19,4.92
2022-05-20,4.91
2022-05-23,4.82
2022-05-24,4.94
2022-05-25,4.74
2022-05-26,4.38
2022-05-27,4.19
2022-05-30,4.19
2022-05-31,4.22
2022-06-01,4.13
2022-06-02,4.15
2022-06-03,4.21
2022-06-06,4.19
2022-06-07,4.34
2022-06-08,4.34
2022-06-09,4.42
2022-06-10,4.51
2022-06-13,4.87
2022-06-14,4.90
2022-06-15,4.82
2022-06-16,5.17
2022-06-17,5.15
2022-06-20,5.15
2022-06-21,5.05
2022-06-22,5.32
2022-06-23,5.38
2022-06-24,5.18
2022-06-27,5.11
2022-06-28,5.26
2022-06-29,5.62
2022-06-30,5.87
2022-07-01,5.92
2022-07-04,5.93
2022-07-05,5.99
2022-07-06,5.80
2022-07-07,5.50
2022-07-08,5.36
2022-07-11,5.44
2022-07-12,5.43
2022-07-13,5.47
2022-07-14,5.53
2022-07-15,5.39
2022-07-18,5.25
2022-07-19,5.10
2022-07-20,4.90
2022-07-21,4.99
2022-07-22,4.96
2022-07-25,4.95
2022-07-26,5.06
2022-07-27,5.07
2022-07-28,4.98
2022-07-29,4.77
2022-07-31,4.83
2022-08-01,4.80
2022-08-02,4.61
2022-08-03,4.54
2022-08-04,4.55
2022-08-05,4.44
2022-08-08,4.41
2022-08-09,4.46
2022-08-10,4.33
2022-08-11,4.21
2022-08-12,4.25
2022-08-15,4.24
2022-08-16,4.25
2022-08-17,4.33
2022-08-18,4.37
2022-08-19,4.45
2022-08-22,4.62
2022-08-23,4.68
2022-08-24,4.61
2022-08-25,4.60
2022-08-26,4.65
2022-08-29,4.78
2022-08-30,4.90
2022-08-31,5.03
2022-09-01,5.08
2022-09-02,5.06
2022-09-05,5.07
2022-09-06,4.98
2022-09-07,4.97
2022-09-08,4.80
2022-09-09,4.57
2022-09-12,4.50
2022-09-13,4.68
2022-09-14,4.74
2022-09-15,4.77
2022-09-16,5.00
2022-09-19,4.88
2022-09-20,4.88
2022-09-21,4.87
2022-09-22,4.91
2022-09-23,5.12
2022-09-26,5.18
2022-09-27,5.22
2022-09-28,5.47
2022-09-29,5.50
2022-09-30,5.43
2022-10-03,5.43
2022-10-04,5.12
2022-10-05,5.09
2022-10-06,4.95
2022-10-07,5.02
2022-10-10,5.03
2022-10-11,5.25
2022-10-12,5.31
2022-10-13,5.25
2022-10-14,5.15
2022-10-17,5.04
2022-10-18,4.95
2022-10-19,4.97
2022-10-20,4.89
2022-10-21,4.99
2022-10-24,4.91
2022-10-25,4.88
2022-10-26,4.80
2022-10-27,4.76
2022-10-28,4.54
2022-10-31,4.63
2022-11-01,4.61
2022-11-02,4.62
2022-11-03,4.81
2022-11-04,4.77
2022-11-07,4.71
2022-11-08,4.79
2022-11-09,4.99
2022-11-10,4.80
2022-11-11,4.81
2022-11-14,4.67
2022-11-15,4.64
2022-11-16,4.71
2022-11-17,4.75
2022-11-18,4.65
2022-11-21,4.64
2022-11-22,4.57
2022-11-23,4.51
2022-11-24,4.51
2022-11-25,4.52
2022-11-28,4.63
2022-11-29,4.63
2022-11-30,4.55
2022-12-01,4.48
2022-12-02,4.50
2022-12-05,4.43
2022-12-06,4.57
2022-12-07,4.68
2022-12-08,4.55
2022-12-09,4.46
2022-12-12,4.40
2022-12-13,4.34
2022-12-14,4.37
2022-12-15,4.54
2022-12-16,4.67
2022-12-19,4.67
2022-12-20,4.68
2022-12-21,4.56
2022-12-22,4.61
2022-12-23,4.59
2022-12-26,
2022-12-27,4.55
2022-12-28,4.77
2022-12-29,4.81
2022-12-30,4.79
2022-12-31,4.81
2023-01-02,
2023-01-03,4.70
2023-01-04,4.62
2023-01-05,4.58
2023-01-06,4.47
2023-01-09,4.37
2023-01-10,4.33
2023-01-11,4.30
2023-01-12,4.29
2023-01-13,4.21
2023-01-16,4.19
2023-01-17,4.19
2023-01-18,4.25
2023-01-19,4.39
2023-01-20,4.35
2023-01-23,4.27
2023-01-24,4.33
2023-01-25,4.35
2023-01-26,4.24
2023-01-27,4.23
2023-01-30,4.26
2023-01-31,4.30
2023-02-01,4.31
2023-02-02,3.94
2023-02-03,3.95
2023-02-06,3.99
2023-02-07,3.99
2023-02-08,4.07
2023-02-09,4.05
2023-02-10,4.24
2023-02-13,4.23
2023-02-14,4.15
2023-02-15,4.18
2023-02-16,4.24
2023-02-17,4.38
2023-02-20,4.38
2023-02-21,4.49
2023-02-22,4.41
2023-02-23,4.30
2023-02-24,4.28
2023-02-27,4.21
2023-02-28,4.22
2023-03-01,4.17
2023-03-02,4.18
2023-03-03,4.05
2023-03-06,3.97
2023-03-07,3.98
2023-03-08,4.09
2023-03-09,4.27
2023-03-10,4.61
2023-03-13,5.03
2023-03-14,4.74
2023-03-15,5.20
2023-03-16,4.93
2023-03-17,5.17
2023-03-20,5.15
2023-03-21,4.85
2023-03-22,5.00
2023-03-23,5.10
2023-03-24,5.22
2023-03-27,5.03
2023-03-28,5.01
2023-03-29,4.83
2023-03-30,4.74
2023-03-31,4.58
2023-04-03,4.58
2023-04-04,4.73
2023-04-05,4.84
2023-04-06,4.84
2023-04-07,
2023-04-10,4.70
2023-04-11,4.63
2023-04-12,4.62
2023-04-13,4.49
2023-04-14,4.43
2023-04-17,4.41
2023-04-18,4.37
2023-04-19,4.41
2023-04-20,4.54
2023-04-21,4.46
2023-04-24,4.48
2023-04-25,4.64
2023-04-26,4.63
2023-04-27,4.48
2023-04-28,4.50
2023-04-30,4.53
2023-05-01,4.45
2023-05-02,4.70
2023-05-03,4.79
2023-05-04,4.95
2023-05-05,4.77
2023-05-08,4.72
2023-05-09,4.74
2023-05-10,4.78
2023-05-11,4.81
2023-05-12,4.76
2023-05-15,4.77
2023-05-16,4.79
2023-05-17,4.75
2023-05-18,4.69
2023-05-19,4.62
2023-05-22,4.54
2023-05-23,4.60
2023-05-24,4.68
2023-05-25,4.58
2023-05-26,4.53
2023-05-29,4.54
2023-05-30,4.58
2023-05-31,4.69
2023-06-01,4.65
2023-06-02,4.37
2023-06-05,4.39
2023-06-06,4.39
2023-06-07,4.33
2023-06-08,4.39
2023-06-09,4.29
2023-06-12,4.34
2023-06-13,4.18
2023-06-14,4.18
2023-06-15,4.21
2023-06-16,4.15
2023-06-19,4.15
2023-06-20,4.22
2023-06-21,4.32
2023-06-22,4.30
2023-06-23,4.40
2023-06-26,4.45
2023-06-27,4.30
2023-06-28,4.27
2023-06-29,4.14
2023-06-30,4.05
2023-07-03,3.99
2023-07-04,3.99
2023-07-05,4.01
2023-07-06,4.10
2023-07-07,4.08
2023-07-10,4.13
2023-07-11,4.05
2023-07-12,3.95
2023-07-13,3.97
2023-07-14,3.90
2023-07-17,3.97
2023-07-18,3.90
2023-07-19,3.89
2023-07-20,3.90
2023-07-21,3.89
2023-07-24,3.82
2023-07-25,3.84
2023-07-26,3.91
2023-07-27,3.78
2023-07-28,3.82
2023-07-31,3.79
2023-08-01,3.82
2023-08-02,3.96
2023-08-03,3.98
2023-08-04,4.01
2023-08-07,3.97
2023-08-08,4.00
2023-08-09,3.94
2023-08-10,3.83
2023-08-11,3.83
2023-08-14,3.79
2023-08-15,3.85
2023-08-16,3.81
2023-08-17,3.95
2023-08-18,4.02
2023-08-21,3.97
2023-08-22,3.93
2023-08-23,3.92
2023-08-24,3.91
2023-08-25,3.90
2023-08-28,3.86
2023-08-29,3.87
2023-08-30,3.80
2023-08-31,3.85
2023-09-01,3.81
2023-09-04,3.81
2023-09-05,3.83
2023-09-06,3.86
2023-09-07,3.90
2023-09-08,3.85
2023-09-11,3.82
2023-09-12,3.84
2023-09-13,3.85
2023-09-14,3.78
2023-09-15,3.79
2023-09-18,3.82
2023-09-19,3.82
2023-09-20,3.77
2023-09-21,3.89
2023-09-22,3.93
2023-09-25,3.97
2023-09-26,4.04
2023-09-27,4.03
2023-09-28,4.09
2023-09-29,4.03
2023-09-30,4.03
2023-10-02,4.11
2023-10-03,4.26
2023-10-04,4.37
2023-10-05,4.38
2023-10-06,4.33
2023-10-09,4.34
2023-10-10,4.26
2023-10-11,4.25
2023-10-12,4.25
2023-10-13,4.30
2023-10-16,4.27
2023-10-17,4.25
2023-10-18,4.32
2023-10-19,4.37
2023-10-20,4.52
2023-10-23,4.51
2023-10-24,4.41
2023-10-25,4.37
2023-10-26,4.50
2023-10-27,4.53
2023-10-30,4.50
2023-10-31,4.42
2023-11-01,4.47
2023-11-02,4.15
2023-11-03,4.04
2023-11-06,4.00
2023-11-07,4.08
2023-11-08,4.08
2023-11-09,4.04
2023-11-10,4.03
2023-11-13,4.03
2023-11-14,3.92
2023-11-15,3.89
2023-11-16,4.02
2023-11-17,3.99
2023-11-20,3.92
2023-11-21,3.95
2023-11-22,3.90
2023-11-23,3.90
2023-11-24,3.85
2023-11-27,3.89
2023-11-28,3.90
2023-11-29,3.80
2023-11-30,3.84
2023-12-01,3.87
2023-12-04,3.80
2023-12-05,3.80
2023-12-06,3.79
2023-12-07,3.77
2023-12-08,3.75
2023-12-11,3.79
2023-12-12,3.76
2023-12-13,3.79
2023-12-14,3.47
2023-12-15,3.51
2023-12-18,3.51
2023-12-19,3.46
2023-12-20,3.43
2023-12-21,3.41
2023-12-22,3.39
2023-12-25,
2023-12-26,3.37
2023-12-27,3.34
2023-12-28,3.32
2023-12-29,3.34
2023-12-31,3.39
2024-01-01,
2024-01-02,3.54
2024-01-03,3.71
2024-01-04,3.69
2024-01-05,3.68
2024-01-08,3.63
2024-01-09,3.59
2024-01-10,3.50
2024-01-11,3.55
2024-01-12,3.56
2024-01-15,3.54
2024-01-16,3.58
2024-01-17,3.62
2024-01-18,3.58
2024-01-19,3.54
2024-01-22,3.49
2024-01-23,3.51
2024-01-24,3.44
2024-01-25,3.45
2024-01-26,3.39
2024-01-29,3.41
2024-01-30,3.42
2024-01-31,3.59
2024-02-01,3.56
2024-02-02,3.47
2024-02-05,3.50
2024-02-06,3.52
2024-02-07,3.43
2024-02-08,3.38
2024-02-09,3.33
2024-02-12,3.35
2024-02-13,3.36
2024-02-14,3.38
2024-02-15,3.35
2024-02-16,3.34
2024-02-19,3.34
2024-02-20,3.37
2024-02-21,3.34
2024-02-22,3.22
2024-02-23,3.23
2024-02-26,3.23
2024-02-27,3.26
2024-02-28,3.31
2024-02-29,3.29
2024-03-01,3.32
2024-03-04,3.26
2024-03-05,3.31
2024-03-06,3.27
2024-03-07,3.27
2024-03-08,3.26
2024-03-11,3.26
2024-03-12,3.20
2024-03-13,3.15
2024-03-14,3.15
2024-03-15,3.16
2024-03-18,3.13
2024-03-19,3.10
2024-03-20,3.14
2024-03-21,3.05
2024-03-22,3.08
2024-03-25,3.11
2024-03-26,3.15
2024-03-27,3.15
2024-03-28,3.12
2024-03-29,
2024-03-31,3.15
2024-04-01,3.12
2024-04-02,3.23
2024-04-03,3.23
2024-04-04,3.24
2024-04-05,3.18
2024-04-08,3.15
2024-04-09,3.14
2024-04-10,3.10
2024-04-11,3.16
2024-04-12,3.25
2024-04-15,3.28
2024-04-16,3.36
2024-04-17,3.42
2024-04-18,3.39
2024-04-19,3.37
2024-04-22,3.29
2024-04-23,3.20
2024-04-24,3.19
2024-04-25,3.24
2024-04-26,3.16
2024-04-29,3.12
2024-04-30,3.18
2024-05-01,3.21
2024-05-02,3.16
2024-05-03,3.08
2024-05-06,3.03
2024-05-07,3.06
2024-05-08,3.10
2024-05-09,3.14
2024-05-10,3.12
2024-05-13,3.14
2024-05-14,3.14
2024-05-15,3.13
2024-05-16,3.08
2024-05-17,3.09
2024-05-20,3.07
2024-05-21,3.07
2024-05-22,3.11
2024-05-23,3.10
2024-05-24,3.11
2024-05-27,3.12
2024-05-28,3.09
2024-05-29,3.15
2024-05-30,3.19
2024-05-31,3.20
2024-06-03,3.17
2024-06-04,3.22
2024-06-05,3.20
2024-06-06,3.20
2024-06-07,3.15
2024-06-10,3.15
2024-06-11,3.19
2024-06-12,3.09
2024-06-13,3.20
2024-06-14,3.29
2024-06-17,3.26
2024-06-18,3.24
2024-06-19,3.24
2024-06-20,3.23
2024-06-21,3.21
2024-06-24,3.19
2024-06-25,3.19
2024-06-26,3.18
2024-06-27,3.21
2024-06-28,3.18
2024-06-30,3.21
2024-07-01,3.21
2024-07-02,3.23
2024-07-03,3.25
2024-07-04,3.25
2024-07-05,3.27
2024-07-08,3.20
2024-07-09,3.21
2024-07-10,3.17
2024-07-11,3.18
2024-07-12,3.19
2024-07-15,3.13
2024-07-16,3.08
2024-07-17,3.09
2024-07-18,3.09
2024-07-19,3.09
2024-07-22,3.05
2024-07-23,3.02
2024-07-24,3.10
2024-07-25,3.08
2024-07-26,3.10
2024-07-29,3.13
2024-07-30,3.20
2024-07-31,3.25
2024-08-01,3.35
2024-08-02,3.72
2024-08-05,3.93
2024-08-06,3.67
2024-08-07,3.57
2024-08-08,3.48
2024-08-09,3.49
2024-08-12,3.52
2024-08-13,3.54
2024-08-14,3.46
2024-08-15,3.31
2024-08-16,3.29
2024-08-19,3.21
2024-08-20,3.25
2024-08-21,3.27
2024-08-22,3.21
2024-08-23,3.19
2024-08-26,3.15
2024-08-27,3.17
2024-08-28,3.19
2024-08-29,3.15
2024-08-30,3.13
2024-08-31,3.17
2024-09-02,3.17
2024-09-03,3.31
2024-09-04,3.35
2024-09-05,3.29
2024-09-06,3.39
2024-09-09,3.36
2024-09-10,3.46
2024-09-11,3.44
2024-09-12,3.39
2024-09-13,3.37
2024-09-16,3.32
2024-09-17,3.25
2024-09-18,3.21
2024-09-19,3.10
2024-09-20,3.15
2024-09-23,3.15
2024-09-24,3.21
2024-09-25,3.19
2024-09-26,3.14
2024-09-27,3.14
2024-09-30,3.03
2024-10-01,3.07
2024-10-02,3.06
2024-10-03,3.04
2024-10-04,2.89
2024-10-07,2.95
2024-10-08,2.99
2024-10-09,2.94
2024-10-10,2.99
2024-10-11,2.98
2024-10-14,2.97
2024-10-15,2.93
2024-10-16,2.90
2024-10-17,2.89
2024-10-18,2.88
2024-10-21,2.88
2024-10-22,2.92
2024-10-23,2.95
2024-10-24,2.93
2024-10-25,2.89
2024-10-28,2.82
2024-10-29,2.85
2024-10-30,2.80
2024-10-31,2.88
2024-11-01,2.83
2024-11-04,2.87
2024-11-05,2.86
2024-11-06,2.74
2024-11-07,2.73
2024-11-08,2.63
2024-11-11,2.63
2024-11-12,2.61
2024-11-13,2.64
2024-11-14,2.60
2024-11-15,2.72
2024-11-18,2.72
2024-11-19,2.69
2024-11-20,2.67
2024-11-21,2.61
2024-11-22,2.61
2024-11-25,2.64
2024-11-26,2.68
2024-11-27,2.69
2024-11-28,2.69
2024-11-29,2.72
2024-11-30,2.74
2024-12-02,2.68
2024-12-03,2.66
2024-12-04,2.66
2024-12-05,2.66
2024-12-06,2.67
2024-12-09,2.67
2024-12-10,2.67
2024-12-11,2.64
2024-12-12,2.66
2024-12-13,2.68
2024-12-16,2.69
2024-12-17,2.75
2024-12-18,2.73
2024-12-19,2.91
2024-12-20,2.86
2024-12-23,2.85
2024-12-24,2.86
2024-12-25,
2024-12-26,2.86
2024-12-27,2.84
2024-12-30,2.94
2024-12-31,2.92
