observation_date,BAMLC0A4CBBB
2010-01-04,2.46
2010-01-05,2.42
2010-01-06,2.38
2010-01-07,2.34
2010-01-08,2.31
2010-01-11,2.29
2010-01-12,2.29
2010-01-13,2.28
2010-01-14,2.27
2010-01-15,2.28
2010-01-18,2.28
2010-01-19,2.29
2010-01-20,2.29
2010-01-21,2.30
2010-01-22,2.32
2010-01-25,2.34
2010-01-26,2.35
2010-01-27,2.35
2010-01-28,2.35
2010-01-29,2.35
2010-01-31,2.30
2010-02-01,2.32
2010-02-02,2.31
2010-02-03,2.30
2010-02-04,2.33
2010-02-05,2.36
2010-02-08,2.38
2010-02-09,2.39
2010-02-10,2.39
2010-02-11,2.38
2010-02-12,2.38
2010-02-15,2.37
2010-02-16,2.38
2010-02-17,2.37
2010-02-18,2.34
2010-02-19,2.33
2010-02-22,2.31
2010-02-23,2.30
2010-02-24,2.30
2010-02-25,2.31
2010-02-26,2.31
2010-02-28,2.33
2010-03-01,2.35
2010-03-02,2.31
2010-03-03,2.31
2010-03-04,2.30
2010-03-05,2.27
2010-03-08,2.24
2010-03-09,2.23
2010-03-10,2.21
2010-03-11,2.20
2010-03-12,2.19
2010-03-15,2.18
2010-03-16,2.18
2010-03-17,2.16
2010-03-18,2.15
2010-03-19,2.14
2010-03-22,2.13
2010-03-23,2.13
2010-03-24,2.11
2010-03-25,2.09
2010-03-26,2.08
2010-03-29,2.08
2010-03-30,2.07
2010-03-31,2.05
2010-04-01,2.04
2010-04-02,
2010-04-05,2.02
2010-04-06,2.01
2010-04-07,2.01
2010-04-08,2.00
2010-04-09,1.99
2010-04-12,1.99
2010-04-13,1.99
2010-04-14,1.97
2010-04-15,1.95
2010-04-16,1.95
2010-04-19,1.94
2010-04-20,1.93
2010-04-21,1.93
2010-04-22,1.92
2010-04-23,1.91
2010-04-26,1.91
2010-04-27,1.94
2010-04-28,1.94
2010-04-29,1.95
2010-04-30,1.97
2010-05-03,1.98
2010-05-04,2.00
2010-05-05,2.05
2010-05-06,2.16
2010-05-07,2.25
2010-05-10,2.20
2010-05-11,2.22
2010-05-12,2.20
2010-05-13,2.18
2010-05-14,2.21
2010-05-17,2.21
2010-05-18,2.23
2010-05-19,2.30
2010-05-20,2.40
2010-05-21,2.44
2010-05-24,2.46
2010-05-25,2.53
2010-05-26,2.52
2010-05-27,2.50
2010-05-28,2.50
2010-05-31,2.51
2010-06-01,2.53
2010-06-02,2.56
2010-06-03,2.53
2010-06-04,2.56
2010-06-07,2.58
2010-06-08,2.62
2010-06-09,2.62
2010-06-10,2.62
2010-06-11,2.63
2010-06-14,2.61
2010-06-15,2.61
2010-06-16,2.60
2010-06-17,2.59
2010-06-18,2.58
2010-06-21,2.54
2010-06-22,2.55
2010-06-23,2.56
2010-06-24,2.57
2010-06-25,2.58
2010-06-28,2.59
2010-06-29,2.60
2010-06-30,2.63
2010-07-01,2.64
2010-07-02,2.64
2010-07-05,2.64
2010-07-06,2.63
2010-07-07,2.63
2010-07-08,2.62
2010-07-09,2.60
2010-07-12,2.58
2010-07-13,2.55
2010-07-14,2.54
2010-07-15,2.54
2010-07-16,2.54
2010-07-19,2.54
2010-07-20,2.54
2010-07-21,2.52
2010-07-22,2.51
2010-07-23,2.48
2010-07-26,2.45
2010-07-27,2.41
2010-07-28,2.40
2010-07-29,2.39
2010-07-30,2.41
2010-07-31,2.41
2010-08-02,2.40
2010-08-03,2.40
2010-08-04,2.38
2010-08-05,2.38
2010-08-06,2.38
2010-08-09,2.37
2010-08-10,2.39
2010-08-11,2.41
2010-08-12,2.43
2010-08-13,2.42
2010-08-16,2.43
2010-08-17,2.42
2010-08-18,2.41
2010-08-19,2.41
2010-08-20,2.40
2010-08-23,2.41
2010-08-24,2.42
2010-08-25,2.44
2010-08-26,2.46
2010-08-27,2.45
2010-08-30,2.46
2010-08-31,2.49
2010-09-01,2.48
2010-09-02,2.46
2010-09-03,2.44
2010-09-06,2.44
2010-09-07,2.44
2010-09-08,2.43
2010-09-09,2.41
2010-09-10,2.39
2010-09-13,2.37
2010-09-14,2.37
2010-09-15,2.36
2010-09-16,2.35
2010-09-17,2.35
2010-09-20,2.35
2010-09-21,2.35
2010-09-22,2.36
2010-09-23,2.36
2010-09-24,2.35
2010-09-27,2.35
2010-09-28,2.36
2010-09-29,2.36
2010-09-30,2.37
2010-10-01,2.36
2010-10-04,2.37
2010-10-05,2.36
2010-10-06,2.35
2010-10-07,2.34
2010-10-08,2.33
2010-10-11,2.33
2010-10-12,2.32
2010-10-13,2.31
2010-10-14,2.30
2010-10-15,2.30
2010-10-18,2.31
2010-10-19,2.31
2010-10-20,2.32
2010-10-21,2.30
2010-10-22,2.29
2010-10-25,2.27
2010-10-26,2.26
2010-10-27,2.24
2010-10-28,2.25
2010-10-29,2.25
2010-10-31,2.26
2010-11-01,2.28
2010-11-02,2.26
2010-11-03,2.26
2010-11-04,2.25
2010-11-05,2.23
2010-11-08,2.23
2010-11-09,2.22
2010-11-10,2.23
2010-11-11,2.23
2010-11-12,2.24
2010-11-15,2.24
2010-11-16,2.24
2010-11-17,2.25
2010-11-18,2.23
2010-11-19,2.22
2010-11-22,2.23
2010-11-23,2.26
2010-11-24,2.24
2010-11-25,2.24
2010-11-26,2.24
2010-11-29,2.27
2010-11-30,2.28
2010-12-01,2.27
2010-12-02,2.25
2010-12-03,2.25
2010-12-06,2.24
2010-12-07,2.21
2010-12-08,2.18
2010-12-09,2.16
2010-12-10,2.14
2010-12-13,2.15
2010-12-14,2.12
2010-12-15,2.11
2010-12-16,2.12
2010-12-17,2.12
2010-12-20,2.12
2010-12-21,2.13
2010-12-22,2.12
2010-12-23,2.10
2010-12-24,2.10
2010-12-27,2.11
2010-12-28,2.09
2010-12-29,2.11
2010-12-30,2.09
2010-12-31,2.11
2011-01-03,2.11
2011-01-04,2.10
2011-01-05,2.07
2011-01-06,2.06
2011-01-07,2.06
2011-01-10,2.08
2011-01-11,2.07
2011-01-12,2.06
2011-01-13,2.06
2011-01-14,2.05
2011-01-17,2.05
2011-01-18,2.04
2011-01-19,2.04
2011-01-20,2.03
2011-01-21,2.02
2011-01-24,2.01
2011-01-25,2.02
2011-01-26,2.02
2011-01-27,2.01
2011-01-28,2.02
2011-01-31,2.04
2011-02-01,2.03
2011-02-02,2.01
2011-02-03,1.99
2011-02-04,1.96
2011-02-07,1.94
2011-02-08,1.92
2011-02-09,1.92
2011-02-10,1.91
2011-02-11,1.91
2011-02-14,1.91
2011-02-15,1.90
2011-02-16,1.90
2011-02-17,1.90
2011-02-18,1.89
2011-02-21,1.89
2011-02-22,1.91
2011-02-23,1.92
2011-02-24,1.94
2011-02-25,1.93
2011-02-28,1.94
2011-03-01,1.94
2011-03-02,1.93
2011-03-03,1.90
2011-03-04,1.90
2011-03-07,1.90
2011-03-08,1.89
2011-03-09,1.89
2011-03-10,1.92
2011-03-11,1.92
2011-03-14,1.93
2011-03-15,1.97
2011-03-16,1.99
2011-03-17,1.99
2011-03-18,1.97
2011-03-21,1.95
2011-03-22,1.94
2011-03-23,1.94
2011-03-24,1.92
2011-03-25,1.90
2011-03-28,1.89
2011-03-29,1.89
2011-03-30,1.90
2011-03-31,1.89
2011-04-01,1.88
2011-04-04,1.89
2011-04-05,1.86
2011-04-06,1.85
2011-04-07,1.85
2011-04-08,1.84
2011-04-11,1.83
2011-04-12,1.85
2011-04-13,1.85
2011-04-14,1.85
2011-04-15,1.86
2011-04-18,1.87
2011-04-19,1.87
2011-04-20,1.86
2011-04-21,1.85
2011-04-22,
2011-04-25,1.85
2011-04-26,1.85
2011-04-27,1.85
2011-04-28,1.86
2011-04-29,1.85
2011-04-30,1.86
2011-05-02,1.87
2011-05-03,1.87
2011-05-04,1.87
2011-05-05,1.88
2011-05-06,1.89
2011-05-09,1.89
2011-05-10,1.88
2011-05-11,1.89
2011-05-12,1.89
2011-05-13,1.89
2011-05-16,1.89
2011-05-17,1.90
2011-05-18,1.89
2011-05-19,1.89
2011-05-20,1.89
2011-05-23,1.90
2011-05-24,1.90
2011-05-25,1.92
2011-05-26,1.94
2011-05-27,1.95
2011-05-30,1.94
2011-05-31,1.96
2011-06-01,1.97
2011-06-02,1.99
2011-06-03,2.00
2011-06-06,2.00
2011-06-07,2.00
2011-06-08,2.02
2011-06-09,2.02
2011-06-10,2.02
2011-06-13,2.03
2011-06-14,2.01
2011-06-15,2.04
2011-06-16,2.06
2011-06-17,2.06
2011-06-20,2.06
2011-06-21,2.06
2011-06-22,2.06
2011-06-23,2.09
2011-06-24,2.11
2011-06-27,2.12
2011-06-28,2.09
2011-06-29,2.07
2011-06-30,2.03
2011-07-01,2.00
2011-07-04,2.00
2011-07-05,2.01
2011-07-06,2.02
2011-07-07,2.00
2011-07-08,2.02
2011-07-11,2.04
2011-07-12,2.05
2011-07-13,2.05
2011-07-14,2.04
2011-07-15,2.06
2011-07-18,2.07
2011-07-19,2.07
2011-07-20,2.06
2011-07-21,2.05
2011-07-22,2.04
2011-07-25,2.04
2011-07-26,2.04
2011-07-27,2.03
2011-07-28,2.02
2011-07-29,2.03
2011-07-31,2.04
2011-08-01,2.04
2011-08-02,2.06
2011-08-03,2.06
2011-08-04,2.12
2011-08-05,2.13
2011-08-08,2.29
2011-08-09,2.36
2011-08-10,2.41
2011-08-11,2.49
2011-08-12,2.48
2011-08-15,2.47
2011-08-16,2.48
2011-08-17,2.48
2011-08-18,2.53
2011-08-19,2.56
2011-08-22,2.57
2011-08-23,2.62
2011-08-24,2.65
2011-08-25,2.66
2011-08-26,2.68
2011-08-29,2.69
2011-08-30,2.68
2011-08-31,2.66
2011-09-01,2.65
2011-09-02,2.65
2011-09-05,2.65
2011-09-06,2.69
2011-09-07,2.68
2011-09-08,2.68
2011-09-09,2.72
2011-09-12,2.76
2011-09-13,2.78
2011-09-14,2.79
2011-09-15,2.79
2011-09-16,2.79
2011-09-19,2.83
2011-09-20,2.83
2011-09-21,2.85
2011-09-22,3.00
2011-09-23,3.05
2011-09-26,3.06
2011-09-27,3.05
2011-09-28,3.05
2011-09-29,3.06
2011-09-30,3.10
2011-10-03,3.16
2011-10-04,3.26
2011-10-05,3.26
2011-10-06,3.22
2011-10-07,3.19
2011-10-10,3.19
2011-10-11,3.14
2011-10-12,3.07
2011-10-13,3.05
2011-10-14,3.00
2011-10-17,2.99
2011-10-18,2.98
2011-10-19,2.93
2011-10-20,2.91
2011-10-21,2.88
2011-10-24,2.85
2011-10-25,2.83
2011-10-26,2.81
2011-10-27,2.69
2011-10-28,2.68
2011-10-31,2.73
2011-11-01,2.81
2011-11-02,2.80
2011-11-03,2.80
2011-11-04,2.79
2011-11-07,2.80
2011-11-08,2.80
2011-11-09,2.87
2011-11-10,2.88
2011-11-11,2.88
2011-11-14,2.90
2011-11-15,2.93
2011-11-16,2.95
2011-11-17,2.99
2011-11-18,2.99
2011-11-21,3.04
2011-11-22,3.08
2011-11-23,3.11
2011-11-24,3.11
2011-11-25,3.12
2011-11-28,3.12
2011-11-29,3.13
2011-11-30,3.14
2011-12-01,3.13
2011-12-02,3.10
2011-12-05,3.06
2011-12-06,3.05
2011-12-07,3.06
2011-12-08,3.08
2011-12-09,3.09
2011-12-12,3.10
2011-12-13,3.10
2011-12-14,3.11
2011-12-15,3.11
2011-12-16,3.11
2011-12-19,3.11
2011-12-20,3.11
2011-12-21,3.10
2011-12-22,3.09
2011-12-23,3.08
2011-12-26,
2011-12-27,3.08
2011-12-28,3.08
2011-12-29,3.07
2011-12-30,3.07
2011-12-31,3.15
2012-01-02,
2012-01-03,3.11
2012-01-04,3.10
2012-01-05,3.09
2012-01-06,3.08
2012-01-09,3.08
2012-01-10,3.06
2012-01-11,3.07
2012-01-12,3.05
2012-01-13,3.05
2012-01-16,3.05
2012-01-17,3.04
2012-01-18,3.02
2012-01-19,2.99
2012-01-20,2.96
2012-01-23,2.93
2012-01-24,2.91
2012-01-25,2.91
2012-01-26,2.88
2012-01-27,2.86
2012-01-30,2.87
2012-01-31,2.87
2012-02-01,2.85
2012-02-02,2.83
2012-02-03,2.79
2012-02-06,2.77
2012-02-07,2.75
2012-02-08,2.73
2012-02-09,2.70
2012-02-10,2.71
2012-02-13,2.70
2012-02-14,2.69
2012-02-15,2.69
2012-02-16,2.69
2012-02-17,2.67
2012-02-20,2.67
2012-02-21,2.65
2012-02-22,2.64
2012-02-23,2.63
2012-02-24,2.61
2012-02-27,2.61
2012-02-28,2.59
2012-02-29,2.55
2012-03-01,2.53
2012-03-02,2.52
2012-03-05,2.51
2012-03-06,2.55
2012-03-07,2.55
2012-03-08,2.53
2012-03-09,2.52
2012-03-12,2.51
2012-03-13,2.49
2012-03-14,2.44
2012-03-15,2.44
2012-03-16,2.42
2012-03-19,2.40
2012-03-20,2.39
2012-03-21,2.39
2012-03-22,2.40
2012-03-23,2.41
2012-03-26,2.41
2012-03-27,2.41
2012-03-28,2.41
2012-03-29,2.42
2012-03-30,2.42
2012-03-31,2.43
2012-04-02,2.44
2012-04-03,2.43
2012-04-04,2.45
2012-04-05,2.47
2012-04-06,
2012-04-09,2.50
2012-04-10,2.53
2012-04-11,2.55
2012-04-12,2.54
2012-04-13,2.54
2012-04-16,2.54
2012-04-17,2.53
2012-04-18,2.53
2012-04-19,2.54
2012-04-20,2.54
2012-04-23,2.55
2012-04-24,2.55
2012-04-25,2.54
2012-04-26,2.54
2012-04-27,2.54
2012-04-30,2.55
2012-05-01,2.53
2012-05-02,2.53
2012-05-03,2.51
2012-05-04,2.52
2012-05-07,2.53
2012-05-08,2.54
2012-05-09,2.55
2012-05-10,2.55
2012-05-11,2.56
2012-05-14,2.60
2012-05-15,2.61
2012-05-16,2.65
2012-05-17,2.71
2012-05-18,2.76
2012-05-21,2.78
2012-05-22,2.76
2012-05-23,2.79
2012-05-24,2.79
2012-05-25,2.79
2012-05-28,2.78
2012-05-29,2.78
2012-05-30,2.82
2012-05-31,2.85
2012-06-01,2.89
2012-06-04,2.90
2012-06-05,2.90
2012-06-06,2.86
2012-06-07,2.83
2012-06-08,2.83
2012-06-11,2.82
2012-06-12,2.83
2012-06-13,2.83
2012-06-14,2.82
2012-06-15,2.81
2012-06-18,2.81
2012-06-19,2.78
2012-06-20,2.76
2012-06-21,2.75
2012-06-22,2.74
2012-06-25,2.75
2012-06-26,2.75
2012-06-27,2.76
2012-06-28,2.77
2012-06-29,2.73
2012-06-30,2.75
2012-07-02,2.74
2012-07-03,2.72
2012-07-04,2.72
2012-07-05,2.72
2012-07-06,2.71
2012-07-09,2.71
2012-07-10,2.70
2012-07-11,2.69
2012-07-12,2.69
2012-07-13,2.67
2012-07-16,2.65
2012-07-17,2.63
2012-07-18,2.61
2012-07-19,2.59
2012-07-20,2.59
2012-07-23,2.61
2012-07-24,2.63
2012-07-25,2.63
2012-07-26,2.61
2012-07-27,2.56
2012-07-30,2.54
2012-07-31,2.55
2012-08-01,2.53
2012-08-02,2.54
2012-08-03,2.52
2012-08-06,2.50
2012-08-07,2.48
2012-08-08,2.47
2012-08-09,2.46
2012-08-10,2.46
2012-08-13,2.47
2012-08-14,2.44
2012-08-15,2.44
2012-08-16,2.43
2012-08-17,2.43
2012-08-20,2.43
2012-08-21,2.42
2012-08-22,2.43
2012-08-23,2.43
2012-08-24,2.43
2012-08-27,2.43
2012-08-28,2.43
2012-08-29,2.43
2012-08-30,2.44
2012-08-31,2.45
2012-09-03,2.45
2012-09-04,2.44
2012-09-05,2.44
2012-09-06,2.42
2012-09-07,2.40
2012-09-10,2.38
2012-09-11,2.37
2012-09-12,2.35
2012-09-13,2.34
2012-09-14,2.26
2012-09-17,2.24
2012-09-18,2.24
2012-09-19,2.23
2012-09-20,2.23
2012-09-21,2.23
2012-09-24,2.23
2012-09-25,2.24
2012-09-26,2.27
2012-09-27,2.26
2012-09-28,2.25
2012-09-30,2.25
2012-10-01,2.24
2012-10-02,2.23
2012-10-03,2.23
2012-10-04,2.20
2012-10-05,2.17
2012-10-08,2.17
2012-10-09,2.15
2012-10-10,2.15
2012-10-11,2.13
2012-10-12,2.11
2012-10-15,2.08
2012-10-16,2.04
2012-10-17,1.99
2012-10-18,1.97
2012-10-19,1.98
2012-10-22,1.97
2012-10-23,2.00
2012-10-24,2.00
2012-10-25,1.99
2012-10-26,2.00
2012-10-29,2.00
2012-10-30,
2012-10-31,2.02
2012-11-01,2.02
2012-11-02,2.02
2012-11-05,2.02
2012-11-06,2.02
2012-11-07,2.06
2012-11-08,2.07
2012-11-09,2.10
2012-11-12,2.10
2012-11-13,2.13
2012-11-14,2.13
2012-11-15,2.15
2012-11-16,2.16
2012-11-19,2.15
2012-11-20,2.15
2012-11-21,2.14
2012-11-22,2.14
2012-11-23,2.14
2012-11-26,2.14
2012-11-27,2.13
2012-11-28,2.14
2012-11-29,2.14
2012-11-30,2.13
2012-12-03,2.13
2012-12-04,2.13
2012-12-05,2.13
2012-12-06,2.12
2012-12-07,2.12
2012-12-10,2.11
2012-12-11,2.11
2012-12-12,2.10
2012-12-13,2.09
2012-12-14,2.08
2012-12-17,2.07
2012-12-18,2.05
2012-12-19,2.04
2012-12-20,2.03
2012-12-21,2.03
2012-12-24,2.03
2012-12-25,
2012-12-26,2.03
2012-12-27,2.03
2012-12-28,2.03
2012-12-31,2.04
2013-01-01,
2013-01-02,1.99
2013-01-03,1.96
2013-01-04,1.94
2013-01-07,1.93
2013-01-08,1.93
2013-01-09,1.94
2013-01-10,1.93
2013-01-11,1.93
2013-01-14,1.93
2013-01-15,1.94
2013-01-16,1.94
2013-01-17,1.93
2013-01-18,1.93
2013-01-21,1.93
2013-01-22,1.93
2013-01-23,1.93
2013-01-24,1.93
2013-01-25,1.91
2013-01-28,1.90
2013-01-29,1.91
2013-01-30,1.92
2013-01-31,1.95
2013-02-01,1.95
2013-02-04,1.97
2013-02-05,1.97
2013-02-06,1.98
2013-02-07,1.98
2013-02-08,1.98
2013-02-11,1.97
2013-02-12,1.97
2013-02-13,1.96
2013-02-14,1.96
2013-02-15,1.96
2013-02-18,1.96
2013-02-19,1.96
2013-02-20,1.96
2013-02-21,1.97
2013-02-22,1.96
2013-02-25,1.97
2013-02-26,1.98
2013-02-27,1.98
2013-02-28,1.99
2013-03-01,1.99
2013-03-04,1.99
2013-03-05,1.98
2013-03-06,1.97
2013-03-07,1.96
2013-03-08,1.95
2013-03-11,1.94
2013-03-12,1.94
2013-03-13,1.94
2013-03-14,1.94
2013-03-15,1.94
2013-03-18,1.95
2013-03-19,1.96
2013-03-20,1.96
2013-03-21,1.96
2013-03-22,1.97
2013-03-25,1.96
2013-03-26,1.97
2013-03-27,1.99
2013-03-28,1.99
2013-03-29,
2013-03-31,2.01
2013-04-01,2.01
2013-04-02,2.01
2013-04-03,2.02
2013-04-04,2.01
2013-04-05,2.00
2013-04-08,1.99
2013-04-09,1.98
2013-04-10,1.97
2013-04-11,1.96
2013-04-12,1.97
2013-04-15,1.97
2013-04-16,1.97
2013-04-17,1.98
2013-04-18,1.98
2013-04-19,1.98
2013-04-22,1.97
2013-04-23,1.97
2013-04-24,1.96
2013-04-25,1.96
2013-04-26,1.96
2013-04-29,1.95
2013-04-30,1.96
2013-05-01,1.96
2013-05-02,1.95
2013-05-03,1.93
2013-05-06,1.91
2013-05-07,1.90
2013-05-08,1.90
2013-05-09,1.90
2013-05-10,1.89
2013-05-13,1.90
2013-05-14,1.89
2013-05-15,1.89
2013-05-16,1.89
2013-05-17,1.88
2013-05-20,1.88
2013-05-21,1.88
2013-05-22,1.87
2013-05-23,1.88
2013-05-24,1.88
2013-05-27,1.88
2013-05-28,1.87
2013-05-29,1.91
2013-05-30,1.91
2013-05-31,1.95
2013-06-03,1.97
2013-06-04,1.98
2013-06-05,2.03
2013-06-06,2.05
2013-06-07,2.04
2013-06-10,2.04
2013-06-11,2.10
2013-06-12,2.10
2013-06-13,2.10
2013-06-14,2.08
2013-06-17,2.07
2013-06-18,2.09
2013-06-19,2.08
2013-06-20,2.18
2013-06-21,2.18
2013-06-24,2.27
2013-06-25,2.25
2013-06-26,2.24
2013-06-27,2.22
2013-06-28,2.21
2013-06-30,2.21
2013-07-01,2.21
2013-07-02,2.20
2013-07-03,2.21
2013-07-04,2.21
2013-07-05,2.19
2013-07-08,2.19
2013-07-09,2.17
2013-07-10,2.17
2013-07-11,2.16
2013-07-12,2.14
2013-07-15,2.13
2013-07-16,2.11
2013-07-17,2.11
2013-07-18,2.08
2013-07-19,2.07
2013-07-22,2.05
2013-07-23,2.04
2013-07-24,2.04
2013-07-25,2.05
2013-07-26,2.06
2013-07-29,2.06
2013-07-30,2.06
2013-07-31,2.07
2013-08-01,2.04
2013-08-02,2.07
2013-08-05,2.06
2013-08-06,2.07
2013-08-07,2.08
2013-08-08,2.08
2013-08-09,2.08
2013-08-12,2.08
2013-08-13,2.07
2013-08-14,2.07
2013-08-15,2.08
2013-08-16,2.07
2013-08-19,2.08
2013-08-20,2.10
2013-08-21,2.11
2013-08-22,2.10
2013-08-23,2.09
2013-08-26,2.09
2013-08-27,2.11
2013-08-28,2.11
2013-08-29,2.11
2013-08-30,
2013-09-02,2.10
2013-09-03,2.10
2013-09-04,2.09
2013-09-05,2.08
2013-09-06,2.08
2013-09-09,2.09
2013-09-10,2.08
2013-09-11,2.09
2013-09-12,2.08
2013-09-13,2.08
2013-09-16,2.07
2013-09-17,2.07
2013-09-18,2.10
2013-09-19,2.05
2013-09-20,2.04
2013-09-23,2.05
2013-09-24,2.05
2013-09-25,2.06
2013-09-26,2.05
2013-09-27,2.07
2013-09-30,2.09
2013-10-01,2.08
2013-10-02,2.08
2013-10-03,2.08
2013-10-04,2.06
2013-10-07,2.06
2013-10-08,2.05
2013-10-09,2.05
2013-10-10,2.03
2013-10-11,2.02
2013-10-14,2.02
2013-10-15,2.00
2013-10-16,2.00
2013-10-17,1.99
2013-10-18,1.97
2013-10-21,1.96
2013-10-22,1.96
2013-10-23,1.95
2013-10-24,1.95
2013-10-25,1.95
2013-10-28,1.95
2013-10-29,1.94
2013-10-30,1.95
2013-10-31,1.94
2013-11-01,1.93
2013-11-04,1.94
2013-11-05,1.95
2013-11-06,1.96
2013-11-07,1.96
2013-11-08,1.96
2013-11-11,1.96
2013-11-12,1.97
2013-11-13,1.97
2013-11-14,1.97
2013-11-15,1.96
2013-11-18,1.94
2013-11-19,1.93
2013-11-20,1.93
2013-11-21,1.93
2013-11-22,1.92
2013-11-25,1.92
2013-11-26,1.92
2013-11-27,1.91
2013-11-28,1.91
2013-11-29,1.91
2013-11-30,1.91
2013-12-02,1.89
2013-12-03,1.90
2013-12-04,1.89
2013-12-05,1.88
2013-12-06,1.87
2013-12-09,1.86
2013-12-10,1.86
2013-12-11,1.85
2013-12-12,1.84
2013-12-13,1.83
2013-12-16,1.82
2013-12-17,1.81
2013-12-18,1.80
2013-12-19,1.78
2013-12-20,1.76
2013-12-23,1.76
2013-12-24,1.75
2013-12-25,
2013-12-26,1.75
2013-12-27,1.74
2013-12-30,1.73
2013-12-31,1.74
2014-01-01,
2014-01-02,1.74
2014-01-03,1.73
2014-01-06,1.72
2014-01-07,1.71
2014-01-08,1.71
2014-01-09,1.71
2014-01-10,1.72
2014-01-13,1.72
2014-01-14,1.71
2014-01-15,1.70
2014-01-16,1.69
2014-01-17,1.69
2014-01-20,1.69
2014-01-21,1.68
2014-01-22,1.68
2014-01-23,1.71
2014-01-24,1.74
2014-01-27,1.74
2014-01-28,1.74
2014-01-29,1.76
2014-01-30,1.76
2014-01-31,1.78
2014-02-03,1.80
2014-02-04,1.80
2014-02-05,1.78
2014-02-06,1.77
2014-02-07,1.76
2014-02-10,1.75
2014-02-11,1.74
2014-02-12,1.73
2014-02-13,1.72
2014-02-14,1.71
2014-02-17,1.70
2014-02-18,1.70
2014-02-19,1.70
2014-02-20,1.69
2014-02-21,1.69
2014-02-24,1.68
2014-02-25,1.67
2014-02-26,1.68
2014-02-27,1.68
2014-02-28,1.66
2014-03-03,1.69
2014-03-04,1.67
2014-03-05,1.66
2014-03-06,1.66
2014-03-07,1.65
2014-03-10,1.66
2014-03-11,1.66
2014-03-12,1.69
2014-03-13,1.70
2014-03-14,1.71
2014-03-17,1.70
2014-03-18,1.69
2014-03-19,1.65
2014-03-20,1.65
2014-03-21,1.65
2014-03-24,1.64
2014-03-25,1.64
2014-03-26,1.63
2014-03-27,1.62
2014-03-28,1.60
2014-03-31,1.61
2014-04-01,1.59
2014-04-02,1.58
2014-04-03,1.57
2014-04-04,1.57
2014-04-07,1.57
2014-04-08,1.57
2014-04-09,1.57
2014-04-10,1.57
2014-04-11,1.58
2014-04-14,1.57
2014-04-15,1.57
2014-04-16,1.57
2014-04-17,1.55
2014-04-18,
2014-04-21,1.54
2014-04-22,1.54
2014-04-23,1.54
2014-04-24,1.54
2014-04-25,1.54
2014-04-28,1.55
2014-04-29,1.54
2014-04-30,1.54
2014-05-01,1.55
2014-05-02,1.54
2014-05-05,1.54
2014-05-06,1.53
2014-05-07,1.53
2014-05-08,1.52
2014-05-09,1.52
2014-05-12,1.52
2014-05-13,1.51
2014-05-14,1.52
2014-05-15,1.52
2014-05-16,1.52
2014-05-19,1.51
2014-05-20,1.52
2014-05-21,1.52
2014-05-22,1.51
2014-05-23,1.51
2014-05-26,1.51
2014-05-27,1.50
2014-05-28,1.51
2014-05-29,1.49
2014-05-30,1.49
2014-05-31,1.50
2014-06-02,1.49
2014-06-03,1.49
2014-06-04,1.49
2014-06-05,1.49
2014-06-06,1.46
2014-06-09,1.45
2014-06-10,1.44
2014-06-11,1.45
2014-06-12,1.46
2014-06-13,1.45
2014-06-16,1.45
2014-06-17,1.45
2014-06-18,1.45
2014-06-19,1.44
2014-06-20,1.44
2014-06-23,1.43
2014-06-24,1.42
2014-06-25,1.43
2014-06-26,1.43
2014-06-27,1.43
2014-06-30,1.44
2014-07-01,1.44
2014-07-02,1.43
2014-07-03,1.43
2014-07-04,1.43
2014-07-07,1.43
2014-07-08,1.43
2014-07-09,1.43
2014-07-10,1.44
2014-07-11,1.44
2014-07-14,1.43
2014-07-15,1.43
2014-07-16,1.43
2014-07-17,1.45
2014-07-18,1.45
2014-07-21,1.46
2014-07-22,1.46
2014-07-23,1.46
2014-07-24,1.45
2014-07-25,1.45
2014-07-28,1.45
2014-07-29,1.46
2014-07-30,1.45
2014-07-31,1.47
2014-08-01,1.50
2014-08-04,1.51
2014-08-05,1.52
2014-08-06,1.53
2014-08-07,1.54
2014-08-08,1.54
2014-08-11,1.54
2014-08-12,1.53
2014-08-13,1.53
2014-08-14,1.53
2014-08-15,1.53
2014-08-18,1.52
2014-08-19,1.51
2014-08-20,1.51
2014-08-21,1.50
2014-08-22,1.49
2014-08-25,1.49
2014-08-26,1.49
2014-08-27,1.49
2014-08-28,1.49
2014-08-29,1.50
2014-08-31,1.50
2014-09-01,1.50
2014-09-02,1.49
2014-09-03,1.48
2014-09-04,1.48
2014-09-05,1.48
2014-09-08,1.48
2014-09-09,1.48
2014-09-10,1.50
2014-09-11,1.50
2014-09-12,1.51
2014-09-15,1.51
2014-09-16,1.52
2014-09-17,1.52
2014-09-18,1.51
2014-09-19,1.50
2014-09-22,1.50
2014-09-23,1.51
2014-09-24,1.52
2014-09-25,1.54
2014-09-26,1.55
2014-09-29,1.58
2014-09-30,1.59
2014-10-01,1.61
2014-10-02,1.61
2014-10-03,1.60
2014-10-06,1.60
2014-10-07,1.60
2014-10-08,1.63
2014-10-09,1.63
2014-10-10,1.64
2014-10-13,1.64
2014-10-14,1.66
2014-10-15,1.70
2014-10-16,1.71
2014-10-17,1.69
2014-10-20,1.69
2014-10-21,1.69
2014-10-22,1.68
2014-10-23,1.68
2014-10-24,1.68
2014-10-27,1.68
2014-10-28,1.68
2014-10-29,1.67
2014-10-30,1.67
2014-10-31,1.67
2014-11-03,1.68
2014-11-04,1.69
2014-11-05,1.70
2014-11-06,1.70
2014-11-07,1.72
2014-11-10,1.71
2014-11-11,1.71
2014-11-12,1.73
2014-11-13,1.73
2014-11-14,1.76
2014-11-17,1.78
2014-11-18,1.79
2014-11-19,1.79
2014-11-20,1.80
2014-11-21,1.78
2014-11-24,1.78
2014-11-25,1.78
2014-11-26,1.78
2014-11-27,1.78
2014-11-28,1.79
2014-11-30,1.80
2014-12-01,1.82
2014-12-02,1.82
2014-12-03,1.84
2014-12-04,1.84
2014-12-05,1.84
2014-12-08,1.87
2014-12-09,1.90
2014-12-10,1.94
2014-12-11,1.95
2014-12-12,1.99
2014-12-15,2.03
2014-12-16,2.10
2014-12-17,2.07
2014-12-18,2.01
2014-12-19,2.00
2014-12-22,1.98
2014-12-23,1.97
2014-12-24,1.97
2014-12-25,
2014-12-26,1.97
2014-12-29,1.97
2014-12-30,1.97
2014-12-31,1.98
2015-01-01,
2015-01-02,1.99
2015-01-05,2.02
2015-01-06,2.06
2015-01-07,2.06
2015-01-08,2.04
2015-01-09,2.05
2015-01-12,2.06
2015-01-13,2.08
2015-01-14,2.11
2015-01-15,2.12
2015-01-16,
2015-01-19,2.11
2015-01-20,2.11
2015-01-21,2.10
2015-01-22,2.08
2015-01-23,2.07
2015-01-26,2.06
2015-01-27,2.07
2015-01-28,2.09
2015-01-29,2.09
2015-01-30,2.12
2015-01-31,2.13
2015-02-02,2.12
2015-02-03,2.09
2015-02-04,2.08
2015-02-05,2.06
2015-02-06,2.02
2015-02-09,2.01
2015-02-10,2.01
2015-02-11,2.01
2015-02-12,1.99
2015-02-13,1.97
2015-02-16,1.97
2015-02-17,1.94
2015-02-18,1.93
2015-02-19,1.92
2015-02-20,1.91
2015-02-23,1.92
2015-02-24,1.92
2015-02-25,1.93
2015-02-26,1.91
2015-02-27,1.91
2015-02-28,1.80
2015-03-02,1.78
2015-03-03,1.77
2015-03-04,1.78
2015-03-05,1.78
2015-03-06,1.75
2015-03-09,1.76
2015-03-10,1.79
2015-03-11,1.80
2015-03-12,1.80
2015-03-13,1.82
2015-03-16,1.83
2015-03-17,1.86
2015-03-18,1.88
2015-03-19,1.87
2015-03-20,1.87
2015-03-23,1.86
2015-03-24,1.86
2015-03-25,1.86
2015-03-26,1.86
2015-03-27,1.86
2015-03-30,1.86
2015-03-31,1.82
2015-04-01,1.83
2015-04-02,1.81
2015-04-03,
2015-04-06,1.81
2015-04-07,1.79
2015-04-08,1.78
2015-04-09,1.77
2015-04-10,1.77
2015-04-13,1.76
2015-04-14,1.77
2015-04-15,1.77
2015-04-16,1.77
2015-04-17,1.78
2015-04-20,1.77
2015-04-21,1.77
2015-04-22,1.76
2015-04-23,1.76
2015-04-24,1.76
2015-04-27,1.76
2015-04-28,1.76
2015-04-29,1.76
2015-04-30,1.79
2015-05-01,1.78
2015-05-04,1.77
2015-05-05,1.77
2015-05-06,1.76
2015-05-07,1.78
2015-05-08,1.78
2015-05-11,1.76
2015-05-12,1.78
2015-05-13,1.77
2015-05-14,1.77
2015-05-15,1.77
2015-05-18,1.76
2015-05-19,1.76
2015-05-20,1.77
2015-05-21,1.78
2015-05-22,1.77
2015-05-25,
2015-05-26,1.79
2015-05-27,1.79
2015-05-28,1.80
2015-05-29,1.81
2015-05-31,1.83
2015-06-01,1.83
2015-06-02,1.82
2015-06-03,1.82
2015-06-04,1.83
2015-06-05,1.82
2015-06-08,1.83
2015-06-09,1.84
2015-06-10,1.85
2015-06-11,1.86
2015-06-12,1.85
2015-06-15,1.87
2015-06-16,1.88
2015-06-17,1.89
2015-06-18,1.89
2015-06-19,1.90
2015-06-22,1.88
2015-06-23,1.88
2015-06-24,1.89
2015-06-25,1.89
2015-06-26,1.88
2015-06-29,1.92
2015-06-30,1.93
2015-07-01,1.91
2015-07-02,1.91
2015-07-03,1.91
2015-07-06,1.93
2015-07-07,1.95
2015-07-08,1.97
2015-07-09,1.96
2015-07-10,1.94
2015-07-13,1.94
2015-07-14,1.95
2015-07-15,1.96
2015-07-16,1.96
2015-07-17,1.96
2015-07-20,1.96
2015-07-21,1.97
2015-07-22,1.99
2015-07-23,2.00
2015-07-24,2.03
2015-07-27,2.05
2015-07-28,2.06
2015-07-29,2.05
2015-07-30,2.05
2015-07-31,2.07
2015-08-03,2.08
2015-08-04,2.08
2015-08-05,2.08
2015-08-06,2.10
2015-08-07,2.11
2015-08-10,2.11
2015-08-11,2.14
2015-08-12,2.16
2015-08-13,2.16
2015-08-14,2.16
2015-08-17,2.16
2015-08-18,2.17
2015-08-19,2.20
2015-08-20,2.22
2015-08-21,2.24
2015-08-24,2.29
2015-08-25,2.28
2015-08-26,2.29
2015-08-27,2.26
2015-08-28,2.24
2015-08-31,2.24
2015-09-01,2.25
2015-09-02,2.24
2015-09-03,2.23
2015-09-04,2.23
2015-09-07,2.23
2015-09-08,2.21
2015-09-09,2.21
2015-09-10,2.21
2015-09-11,2.22
2015-09-14,2.22
2015-09-15,2.21
2015-09-16,2.20
2015-09-17,2.20
2015-09-18,2.21
2015-09-21,2.20
2015-09-22,2.23
2015-09-23,2.24
2015-09-24,2.27
2015-09-25,2.28
2015-09-28,2.35
2015-09-29,2.40
2015-09-30,2.40
2015-10-01,2.41
2015-10-02,2.42
2015-10-05,2.40
2015-10-06,2.37
2015-10-07,2.34
2015-10-08,2.34
2015-10-09,2.32
2015-10-12,2.32
2015-10-13,2.32
2015-10-14,2.34
2015-10-15,2.32
2015-10-16,2.31
2015-10-19,2.30
2015-10-20,2.29
2015-10-21,2.29
2015-10-22,2.28
2015-10-23,2.25
2015-10-26,2.24
2015-10-27,2.25
2015-10-28,2.25
2015-10-29,2.24
2015-10-30,2.24
2015-10-31,2.23
2015-11-02,2.22
2015-11-03,2.21
2015-11-04,2.19
2015-11-05,2.18
2015-11-06,2.17
2015-11-09,2.17
2015-11-10,2.18
2015-11-11,2.18
2015-11-12,2.19
2015-11-13,2.21
2015-11-16,2.22
2015-11-17,2.21
2015-11-18,2.22
2015-11-19,2.22
2015-11-20,2.22
2015-11-23,2.22
2015-11-24,2.23
2015-11-25,2.24
2015-11-26,2.24
2015-11-27,2.24
2015-11-30,2.22
2015-12-01,2.23
2015-12-02,2.25
2015-12-03,2.24
2015-12-04,2.24
2015-12-07,2.26
2015-12-08,2.30
2015-12-09,2.30
2015-12-10,2.31
2015-12-11,2.36
2015-12-14,2.40
2015-12-15,2.40
2015-12-16,2.39
2015-12-17,2.40
2015-12-18,2.42
2015-12-21,2.43
2015-12-22,2.43
2015-12-23,2.42
2015-12-24,2.42
2015-12-25,
2015-12-28,2.42
2015-12-29,2.41
2015-12-30,2.40
2015-12-31,2.41
2016-01-01,
2016-01-04,2.42
2016-01-05,2.41
2016-01-06,2.43
2016-01-07,2.45
2016-01-08,2.47
2016-01-11,2.48
2016-01-12,2.51
2016-01-13,2.53
2016-01-14,2.57
2016-01-15,2.64
2016-01-18,2.64
2016-01-19,2.66
2016-01-20,2.75
2016-01-21,2.75
2016-01-22,2.73
2016-01-25,2.74
2016-01-26,2.76
2016-01-27,2.77
2016-01-28,2.78
2016-01-29,2.80
2016-01-31,2.79
2016-02-01,2.80
2016-02-02,2.84
2016-02-03,2.86
2016-02-04,2.87
2016-02-05,2.87
2016-02-08,2.92
2016-02-09,2.96
2016-02-10,2.97
2016-02-11,3.03
2016-02-12,3.03
2016-02-15,3.02
2016-02-16,3.01
2016-02-17,2.98
2016-02-18,2.96
2016-02-19,2.96
2016-02-22,2.94
2016-02-23,2.94
2016-02-24,2.94
2016-02-25,2.94
2016-02-26,2.90
2016-02-29,2.82
2016-03-01,2.77
2016-03-02,2.73
2016-03-03,2.71
2016-03-04,2.67
2016-03-07,2.64
2016-03-08,2.63
2016-03-09,2.61
2016-03-10,2.57
2016-03-11,2.53
2016-03-14,2.48
2016-03-15,2.46
2016-03-16,2.47
2016-03-17,2.44
2016-03-18,2.41
2016-03-21,2.38
2016-03-22,2.36
2016-03-23,2.35
2016-03-24,2.36
2016-03-25,
2016-03-28,2.36
2016-03-29,2.37
2016-03-30,2.36
2016-03-31,2.31
2016-04-01,2.31
2016-04-04,2.30
2016-04-05,2.31
2016-04-06,2.30
2016-04-07,2.31
2016-04-08,2.31
2016-04-11,2.30
2016-04-12,2.28
2016-04-13,2.26
2016-04-14,2.23
2016-04-15,2.22
2016-04-18,2.21
2016-04-19,2.18
2016-04-20,2.14
2016-04-21,2.11
2016-04-22,2.09
2016-04-25,2.09
2016-04-26,2.07
2016-04-27,2.07
2016-04-28,2.06
2016-04-29,2.06
2016-04-30,2.07
2016-05-02,2.06
2016-05-03,2.07
2016-05-04,2.09
2016-05-05,2.10
2016-05-06,2.11
2016-05-09,2.12
2016-05-10,2.12
2016-05-11,2.12
2016-05-12,2.12
2016-05-13,2.12
2016-05-16,2.11
2016-05-17,2.11
2016-05-18,2.09
2016-05-19,2.11
2016-05-20,2.11
2016-05-23,2.11
2016-05-24,2.10
2016-05-25,2.09
2016-05-26,2.09
2016-05-27,2.08
2016-05-30,2.08
2016-05-31,2.07
2016-06-01,2.07
2016-06-02,2.07
2016-06-03,2.08
2016-06-06,2.08
2016-06-07,2.07
2016-06-08,2.05
2016-06-09,2.06
2016-06-10,2.07
2016-06-13,2.09
2016-06-14,2.11
2016-06-15,2.12
2016-06-16,2.14
2016-06-17,2.12
2016-06-20,2.10
2016-06-21,2.08
2016-06-22,2.07
2016-06-23,2.04
2016-06-24,2.12
2016-06-27,2.16
2016-06-28,2.15
2016-06-29,2.13
2016-06-30,2.13
2016-07-01,2.12
2016-07-04,2.12
2016-07-05,2.12
2016-07-06,2.11
2016-07-07,2.09
2016-07-08,2.07
2016-07-11,2.04
2016-07-12,2.00
2016-07-13,2.00
2016-07-14,1.97
2016-07-15,1.96
2016-07-18,1.95
2016-07-19,1.95
2016-07-20,1.94
2016-07-21,1.94
2016-07-22,1.93
2016-07-25,1.92
2016-07-26,1.93
2016-07-27,1.94
2016-07-28,1.95
2016-07-29,1.97
2016-07-31,1.97
2016-08-01,1.97
2016-08-02,1.98
2016-08-03,1.98
2016-08-04,1.97
2016-08-05,1.95
2016-08-08,1.93
2016-08-09,1.92
2016-08-10,1.92
2016-08-11,1.90
2016-08-12,1.90
2016-08-15,1.88
2016-08-16,1.87
2016-08-17,1.86
2016-08-18,1.86
2016-08-19,1.84
2016-08-22,1.84
2016-08-23,1.84
2016-08-24,1.83
2016-08-25,1.83
2016-08-26,1.82
2016-08-29,1.82
2016-08-30,1.81
2016-08-31,1.83
2016-09-01,1.83
2016-09-02,1.83
2016-09-05,1.83
2016-09-06,1.83
2016-09-07,1.83
2016-09-08,1.82
2016-09-09,1.83
2016-09-12,1.84
2016-09-13,1.85
2016-09-14,1.85
2016-09-15,1.86
2016-09-16,1.85
2016-09-19,1.85
2016-09-20,1.84
2016-09-21,1.85
2016-09-22,1.83
2016-09-23,1.83
2016-09-26,1.84
2016-09-27,1.85
2016-09-28,1.85
2016-09-29,1.85
2016-09-30,1.85
2016-10-03,1.84
2016-10-04,1.83
2016-10-05,1.81
2016-10-06,1.79
2016-10-07,1.79
2016-10-10,1.78
2016-10-11,1.77
2016-10-12,1.77
2016-10-13,1.77
2016-10-14,1.76
2016-10-17,1.76
2016-10-18,1.76
2016-10-19,1.75
2016-10-20,1.74
2016-10-21,1.75
2016-10-24,1.74
2016-10-25,1.75
2016-10-26,1.76
2016-10-27,1.75
2016-10-28,1.76
2016-10-31,1.78
2016-11-01,1.80
2016-11-02,1.81
2016-11-03,1.82
2016-11-04,1.83
2016-11-07,1.81
2016-11-08,1.80
2016-11-09,1.78
2016-11-10,1.77
2016-11-11,1.77
2016-11-14,1.78
2016-11-15,1.76
2016-11-16,1.77
2016-11-17,1.77
2016-11-18,1.77
2016-11-21,1.77
2016-11-22,1.78
2016-11-23,1.77
2016-11-24,1.77
2016-11-25,1.77
2016-11-28,1.77
2016-11-29,1.77
2016-11-30,1.75
2016-12-01,1.74
2016-12-02,1.74
2016-12-05,1.73
2016-12-06,1.72
2016-12-07,1.72
2016-12-08,1.71
2016-12-09,1.70
2016-12-12,1.70
2016-12-13,1.68
2016-12-14,1.66
2016-12-15,1.66
2016-12-16,1.66
2016-12-19,1.66
2016-12-20,1.65
2016-12-21,1.65
2016-12-22,1.64
2016-12-23,1.64
2016-12-26,
2016-12-27,1.64
2016-12-28,1.64
2016-12-29,1.63
2016-12-30,1.64
2016-12-31,1.66
2017-01-02,
2017-01-03,1.64
2017-01-04,1.63
2017-01-05,1.64
2017-01-06,1.63
2017-01-09,1.63
2017-01-10,1.63
2017-01-11,1.64
2017-01-12,1.64
2017-01-13,1.63
2017-01-16,1.63
2017-01-17,1.63
2017-01-18,1.63
2017-01-19,1.62
2017-01-20,1.62
2017-01-23,1.62
2017-01-24,1.61
2017-01-25,1.60
2017-01-26,1.60
2017-01-27,1.60
2017-01-30,1.59
2017-01-31,1.61
2017-02-01,1.61
2017-02-02,1.61
2017-02-03,1.60
2017-02-06,1.61
2017-02-07,1.61
2017-02-08,1.62
2017-02-09,1.61
2017-02-10,1.60
2017-02-13,1.59
2017-02-14,1.57
2017-02-15,1.56
2017-02-16,1.56
2017-02-17,1.57
2017-02-20,1.56
2017-02-21,1.56
2017-02-22,1.56
2017-02-23,1.55
2017-02-24,1.56
2017-02-27,1.54
2017-02-28,1.54
2017-03-01,1.52
2017-03-02,1.51
2017-03-03,1.50
2017-03-06,1.50
2017-03-07,1.51
2017-03-08,1.52
2017-03-09,1.54
2017-03-10,1.54
2017-03-13,1.54
2017-03-14,1.55
2017-03-15,1.56
2017-03-16,1.55
2017-03-17,1.55
2017-03-20,1.55
2017-03-21,1.55
2017-03-22,1.56
2017-03-23,1.56
2017-03-24,1.56
2017-03-27,1.56
2017-03-28,1.55
2017-03-29,1.55
2017-03-30,1.54
2017-03-31,1.57
2017-04-03,1.57
2017-04-04,1.58
2017-04-05,1.58
2017-04-06,1.58
2017-04-07,1.57
2017-04-10,1.56
2017-04-11,1.57
2017-04-12,1.57
2017-04-13,1.58
2017-04-14,
2017-04-17,1.58
2017-04-18,1.59
2017-04-19,1.59
2017-04-20,1.58
2017-04-21,1.58
2017-04-24,1.56
2017-04-25,1.56
2017-04-26,1.55
2017-04-27,1.55
2017-04-28,1.55
2017-04-30,1.55
2017-05-01,1.55
2017-05-02,1.54
2017-05-03,1.54
2017-05-04,1.53
2017-05-05,1.53
2017-05-08,1.52
2017-05-09,1.51
2017-05-10,1.50
2017-05-11,1.49
2017-05-12,1.49
2017-05-15,1.48
2017-05-16,1.48
2017-05-17,1.49
2017-05-18,1.50
2017-05-19,1.49
2017-05-22,1.49
2017-05-23,1.48
2017-05-24,1.49
2017-05-25,1.49
2017-05-26,1.48
2017-05-29,1.48
2017-05-30,1.48
2017-05-31,1.51
2017-06-01,1.51
2017-06-02,1.51
2017-06-05,1.50
2017-06-06,1.50
2017-06-07,1.50
2017-06-08,1.50
2017-06-09,1.50
2017-06-12,1.49
2017-06-13,1.49
2017-06-14,1.48
2017-06-15,1.48
2017-06-16,1.49
2017-06-19,1.48
2017-06-20,1.48
2017-06-21,1.49
2017-06-22,1.49
2017-06-23,1.49
2017-06-26,1.49
2017-06-27,1.48
2017-06-28,1.47
2017-06-29,1.46
2017-06-30,1.46
2017-07-03,1.45
2017-07-04,1.45
2017-07-05,1.45
2017-07-06,1.44
2017-07-07,1.43
2017-07-10,1.43
2017-07-11,1.43
2017-07-12,1.43
2017-07-13,1.42
2017-07-14,1.42
2017-07-17,1.41
2017-07-18,1.41
2017-07-19,1.40
2017-07-20,1.40
2017-07-21,1.40
2017-07-24,1.39
2017-07-25,1.38
2017-07-26,1.38
2017-07-27,1.37
2017-07-28,1.37
2017-07-31,1.39
2017-08-01,1.39
2017-08-02,1.39
2017-08-03,1.40
2017-08-04,1.40
2017-08-07,1.41
2017-08-08,1.41
2017-08-09,1.44
2017-08-10,1.46
2017-08-11,1.48
2017-08-14,1.47
2017-08-15,1.46
2017-08-16,1.46
2017-08-17,1.46
2017-08-18,1.47
2017-08-21,1.47
2017-08-22,1.47
2017-08-23,1.47
2017-08-24,1.47
2017-08-25,1.47
2017-08-28,1.47
2017-08-29,1.47
2017-08-30,1.47
2017-08-31,1.48
2017-09-01,1.47
2017-09-04,1.47
2017-09-05,1.48
2017-09-06,1.48
2017-09-07,1.49
2017-09-08,1.49
2017-09-11,1.49
2017-09-12,1.48
2017-09-13,1.47
2017-09-14,1.46
2017-09-15,1.45
2017-09-18,1.43
2017-09-19,1.42
2017-09-20,1.41
2017-09-21,1.41
2017-09-22,1.41
2017-09-25,1.41
2017-09-26,1.40
2017-09-27,1.39
2017-09-28,1.38
2017-09-29,1.36
2017-09-30,1.37
2017-10-02,1.36
2017-10-03,1.35
2017-10-04,1.34
2017-10-05,1.33
2017-10-06,1.33
2017-10-09,1.33
2017-10-10,1.33
2017-10-11,1.33
2017-10-12,1.33
2017-10-13,1.34
2017-10-16,1.33
2017-10-17,1.33
2017-10-18,1.32
2017-10-19,1.32
2017-10-20,1.31
2017-10-23,1.30
2017-10-24,1.29
2017-10-25,1.29
2017-10-26,1.29
2017-10-27,1.29
2017-10-30,1.30
2017-10-31,1.30
2017-11-01,1.31
2017-11-02,1.32
2017-11-03,1.32
2017-11-06,1.33
2017-11-07,1.34
2017-11-08,1.35
2017-11-09,1.36
2017-11-10,1.36
2017-11-13,1.36
2017-11-14,1.37
2017-11-15,1.39
2017-11-16,1.38
2017-11-17,1.37
2017-11-20,1.36
2017-11-21,1.35
2017-11-22,1.35
2017-11-23,1.35
2017-11-24,1.35
2017-11-27,1.34
2017-11-28,1.34
2017-11-29,1.34
2017-11-30,1.32
2017-12-01,1.33
2017-12-04,1.32
2017-12-05,1.32
2017-12-06,1.32
2017-12-07,1.32
2017-12-08,1.32
2017-12-11,1.31
2017-12-12,1.31
2017-12-13,1.31
2017-12-14,1.31
2017-12-15,1.30
2017-12-18,1.30
2017-12-19,1.29
2017-12-20,1.28
2017-12-21,1.28
2017-12-22,1.28
2017-12-25,
2017-12-26,1.28
2017-12-27,1.28
2017-12-28,1.27
2017-12-29,1.28
2017-12-31,1.28
2018-01-01,
2018-01-02,1.28
2018-01-03,1.27
2018-01-04,1.27
2018-01-05,1.26
2018-01-08,1.26
2018-01-09,1.24
2018-01-10,1.23
2018-01-11,1.23
2018-01-12,1.22
2018-01-15,1.22
2018-01-16,1.21
2018-01-17,1.21
2018-01-18,1.21
2018-01-19,1.21
2018-01-22,1.21
2018-01-23,1.21
2018-01-24,1.20
2018-01-25,1.20
2018-01-26,1.18
2018-01-29,1.17
2018-01-30,1.17
2018-01-31,1.17
2018-02-01,1.16
2018-02-02,1.15
2018-02-05,1.17
2018-02-06,1.19
2018-02-07,1.18
2018-02-08,1.19
2018-02-09,1.24
2018-02-12,1.24
2018-02-13,1.27
2018-02-14,1.25
2018-02-15,1.24
2018-02-16,1.24
2018-02-19,1.24
2018-02-20,1.24
2018-02-21,1.24
2018-02-22,1.25
2018-02-23,1.26
2018-02-26,1.26
2018-02-27,1.26
2018-02-28,1.28
2018-03-01,1.31
2018-03-02,1.32
2018-03-05,1.31
2018-03-06,1.31
2018-03-07,1.31
2018-03-08,1.32
2018-03-09,1.33
2018-03-12,1.34
2018-03-13,1.35
2018-03-14,1.36
2018-03-15,1.38
2018-03-16,1.37
2018-03-19,1.38
2018-03-20,1.38
2018-03-21,1.39
2018-03-22,1.42
2018-03-23,1.43
2018-03-26,1.44
2018-03-27,1.44
2018-03-28,1.44
2018-03-29,1.44
2018-03-30,
2018-03-31,1.45
2018-04-02,1.45
2018-04-03,1.45
2018-04-04,1.44
2018-04-05,1.42
2018-04-06,1.42
2018-04-09,1.42
2018-04-10,1.42
2018-04-11,1.41
2018-04-12,1.40
2018-04-13,1.39
2018-04-16,1.39
2018-04-17,1.38
2018-04-18,1.38
2018-04-19,1.39
2018-04-20,1.39
2018-04-23,1.39
2018-04-24,1.39
2018-04-25,1.39
2018-04-26,1.40
2018-04-27,1.41
2018-04-30,1.44
2018-05-01,1.44
2018-05-02,1.45
2018-05-03,1.47
2018-05-04,1.48
2018-05-07,1.48
2018-05-08,1.48
2018-05-09,1.47
2018-05-10,1.46
2018-05-11,1.45
2018-05-14,1.44
2018-05-15,1.44
2018-05-16,1.44
2018-05-17,1.44
2018-05-18,1.45
2018-05-21,1.45
2018-05-22,1.45
2018-05-23,1.46
2018-05-24,1.46
2018-05-25,1.47
2018-05-28,1.47
2018-05-29,1.51
2018-05-30,1.52
2018-05-31,1.54
2018-06-01,1.53
2018-06-04,1.52
2018-06-05,1.52
2018-06-06,1.52
2018-06-07,1.53
2018-06-08,1.54
2018-06-11,1.54
2018-06-12,1.54
2018-06-13,1.53
2018-06-14,1.53
2018-06-15,1.53
2018-06-18,1.55
2018-06-19,1.56
2018-06-20,1.57
2018-06-21,1.59
2018-06-22,1.59
2018-06-25,1.61
2018-06-26,1.61
2018-06-27,1.62
2018-06-28,1.62
2018-06-29,1.62
2018-06-30,1.63
2018-07-02,1.63
2018-07-03,1.63
2018-07-04,1.63
2018-07-05,1.61
2018-07-06,1.61
2018-07-09,1.59
2018-07-10,1.57
2018-07-11,1.57
2018-07-12,1.56
2018-07-13,1.56
2018-07-16,1.54
2018-07-17,1.54
2018-07-18,1.54
2018-07-19,1.54
2018-07-20,1.53
2018-07-23,1.52
2018-07-24,1.50
2018-07-25,1.49
2018-07-26,1.47
2018-07-27,1.46
2018-07-30,1.46
2018-07-31,1.47
2018-08-01,1.46
2018-08-02,1.46
2018-08-03,1.46
2018-08-06,1.46
2018-08-07,1.45
2018-08-08,1.46
2018-08-09,1.47
2018-08-10,1.50
2018-08-13,1.52
2018-08-14,1.51
2018-08-15,1.52
2018-08-16,1.51
2018-08-17,1.50
2018-08-20,1.51
2018-08-21,1.50
2018-08-22,1.51
2018-08-23,1.52
2018-08-24,1.52
2018-08-27,1.51
2018-08-28,1.51
2018-08-29,1.50
2018-08-30,1.52
2018-08-31,1.53
2018-09-03,1.53
2018-09-04,1.53
2018-09-05,1.53
2018-09-06,1.53
2018-09-07,1.52
2018-09-10,1.52
2018-09-11,1.51
2018-09-12,1.50
2018-09-13,1.49
2018-09-14,1.47
2018-09-17,1.47
2018-09-18,1.46
2018-09-19,1.45
2018-09-20,1.44
2018-09-21,1.43
2018-09-24,1.44
2018-09-25,1.43
2018-09-26,1.43
2018-09-27,1.42
2018-09-28,1.41
2018-09-30,1.43
2018-10-01,1.43
2018-10-02,1.43
2018-10-03,1.41
2018-10-04,1.42
2018-10-05,1.43
2018-10-08,1.43
2018-10-09,1.43
2018-10-10,1.43
2018-10-11,1.47
2018-10-12,1.47
2018-10-15,1.46
2018-10-16,1.47
2018-10-17,1.47
2018-10-18,1.48
2018-10-19,1.48
2018-10-22,1.49
2018-10-23,1.52
2018-10-24,1.51
2018-10-25,1.54
2018-10-26,1.56
2018-10-29,1.56
2018-10-30,1.58
2018-10-31,1.58
2018-11-01,1.60
2018-11-02,1.58
2018-11-05,1.58
2018-11-06,1.56
2018-11-07,1.55
2018-11-08,1.54
2018-11-09,1.56
2018-11-12,1.56
2018-11-13,1.60
2018-11-14,1.64
2018-11-15,1.68
2018-11-16,1.70
2018-11-19,1.72
2018-11-20,1.76
2018-11-21,1.75
2018-11-22,1.76
2018-11-23,1.76
2018-11-26,1.75
2018-11-27,1.78
2018-11-28,1.79
2018-11-29,1.80
2018-11-30,1.84
2018-12-03,1.83
2018-12-04,1.86
2018-12-05,1.86
2018-12-06,1.91
2018-12-07,1.92
2018-12-10,1.93
2018-12-11,1.92
2018-12-12,1.90
2018-12-13,1.88
2018-12-14,1.88
2018-12-17,1.88
2018-12-18,1.89
2018-12-19,1.90
2018-12-20,1.94
2018-12-21,1.96
2018-12-24,1.97
2018-12-25,
2018-12-26,1.98
2018-12-27,2.00
2018-12-28,2.01
2018-12-31,2.02
2019-01-01,
2019-01-02,2.03
2019-01-03,2.06
2019-01-04,2.05
2019-01-07,2.03
2019-01-08,2.01
2019-01-09,1.97
2019-01-10,1.97
2019-01-11,1.96
2019-01-14,1.96
2019-01-15,1.96
2019-01-16,1.93
2019-01-17,1.91
2019-01-18,1.88
2019-01-21,1.88
2019-01-22,1.87
2019-01-23,1.85
2019-01-24,1.84
2019-01-25,1.82
2019-01-28,1.81
2019-01-29,1.81
2019-01-30,1.81
2019-01-31,1.79
2019-02-01,1.76
2019-02-04,1.74
2019-02-05,1.72
2019-02-06,1.71
2019-02-07,1.74
2019-02-08,1.74
2019-02-11,1.74
2019-02-12,1.73
2019-02-13,1.72
2019-02-14,1.73
2019-02-15,1.72
2019-02-18,1.72
2019-02-19,1.72
2019-02-20,1.72
2019-02-21,1.71
2019-02-22,1.71
2019-02-25,1.70
2019-02-26,1.70
2019-02-27,1.69
2019-02-28,1.68
2019-03-01,1.66
2019-03-04,1.65
2019-03-05,1.65
2019-03-06,1.66
2019-03-07,1.67
2019-03-08,1.68
2019-03-11,1.67
2019-03-12,1.66
2019-03-13,1.66
2019-03-14,1.65
2019-03-15,1.64
2019-03-18,1.63
2019-03-19,1.62
2019-03-20,1.63
2019-03-21,1.62
2019-03-22,1.62
2019-03-25,1.62
2019-03-26,1.61
2019-03-27,1.62
2019-03-28,1.62
2019-03-29,1.61
2019-03-31,1.63
2019-04-01,1.62
2019-04-02,1.62
2019-04-03,1.60
2019-04-04,1.60
2019-04-05,1.59
2019-04-08,1.58
2019-04-09,1.57
2019-04-10,1.56
2019-04-11,1.54
2019-04-12,1.51
2019-04-15,1.50
2019-04-16,1.49
2019-04-17,1.49
2019-04-18,1.50
2019-04-19,
2019-04-22,1.50
2019-04-23,1.50
2019-04-24,1.50
2019-04-25,1.50
2019-04-26,1.49
2019-04-29,1.48
2019-04-30,1.50
2019-05-01,1.50
2019-05-02,1.50
2019-05-03,1.50
2019-05-06,1.51
2019-05-07,1.52
2019-05-08,1.53
2019-05-09,1.55
2019-05-10,1.56
2019-05-13,1.58
2019-05-14,1.58
2019-05-15,1.58
2019-05-16,1.57
2019-05-17,1.58
2019-05-20,1.58
2019-05-21,1.58
2019-05-22,1.59
2019-05-23,1.63
2019-05-24,1.62
2019-05-27,1.62
2019-05-28,1.64
2019-05-29,1.68
2019-05-30,1.67
2019-05-31,1.71
2019-06-03,1.73
2019-06-04,1.72
2019-06-05,1.70
2019-06-06,1.71
2019-06-07,1.71
2019-06-10,1.68
2019-06-11,1.68
2019-06-12,1.68
2019-06-13,1.68
2019-06-14,1.68
2019-06-17,1.68
2019-06-18,1.66
2019-06-19,1.66
2019-06-20,1.63
2019-06-21,1.60
2019-06-24,1.58
2019-06-25,1.59
2019-06-26,1.58
2019-06-27,1.57
2019-06-28,1.56
2019-06-30,1.57
2019-07-01,1.55
2019-07-02,1.55
2019-07-03,1.54
2019-07-04,1.54
2019-07-05,1.53
2019-07-08,1.53
2019-07-09,1.54
2019-07-10,1.54
2019-07-11,1.52
2019-07-12,1.52
2019-07-15,1.52
2019-07-16,1.51
2019-07-17,1.52
2019-07-18,1.53
2019-07-19,1.52
2019-07-22,1.51
2019-07-23,1.50
2019-07-24,1.49
2019-07-25,1.48
2019-07-26,1.46
2019-07-29,1.46
2019-07-30,1.47
2019-07-31,1.47
2019-08-01,1.51
2019-08-02,1.53
2019-08-05,1.58
2019-08-06,1.60
2019-08-07,1.62
2019-08-08,1.61
2019-08-09,1.61
2019-08-12,1.63
2019-08-13,1.62
2019-08-14,1.65
2019-08-15,1.67
2019-08-16,1.67
2019-08-19,1.65
2019-08-20,1.65
2019-08-21,1.63
2019-08-22,1.61
2019-08-23,1.61
2019-08-26,1.61
2019-08-27,1.62
2019-08-28,1.62
2019-08-29,1.62
2019-08-30,1.61
2019-08-31,1.62
2019-09-02,1.62
2019-09-03,1.63
2019-09-04,1.63
2019-09-05,1.61
2019-09-06,1.61
2019-09-09,1.60
2019-09-10,1.60
2019-09-11,1.59
2019-09-12,1.56
2019-09-13,1.54
2019-09-16,1.54
2019-09-17,1.54
2019-09-18,1.54
2019-09-19,1.53
2019-09-20,1.52
2019-09-23,1.52
2019-09-24,1.54
2019-09-25,1.54
2019-09-26,1.54
2019-09-27,1.55
2019-09-30,1.56
2019-10-01,1.56
2019-10-02,1.59
2019-10-03,1.61
2019-10-04,1.61
2019-10-07,1.60
2019-10-08,1.61
2019-10-09,1.61
2019-10-10,1.59
2019-10-11,1.56
2019-10-14,1.56
2019-10-15,1.54
2019-10-16,1.53
2019-10-17,1.53
2019-10-18,1.52
2019-10-21,1.50
2019-10-22,1.49
2019-10-23,1.50
2019-10-24,1.49
2019-10-25,1.47
2019-10-28,1.45
2019-10-29,1.45
2019-10-30,1.46
2019-10-31,1.50
2019-11-01,1.48
2019-11-04,1.47
2019-11-05,1.45
2019-11-06,1.45
2019-11-07,1.43
2019-11-08,1.43
2019-11-11,1.42
2019-11-12,1.43
2019-11-13,1.44
2019-11-14,1.45
2019-11-15,1.44
2019-11-18,1.44
2019-11-19,1.45
2019-11-20,1.46
2019-11-21,1.46
2019-11-22,1.46
2019-11-25,1.44
2019-11-26,1.44
2019-11-27,1.43
2019-11-28,
2019-11-29,1.42
2019-11-30,1.44
2019-12-02,1.43
2019-12-03,1.45
2019-12-04,1.43
2019-12-05,1.42
2019-12-06,1.40
2019-12-09,1.40
2019-12-10,1.39
2019-12-11,1.39
2019-12-12,1.37
2019-12-13,1.36
2019-12-16,1.34
2019-12-17,1.32
2019-12-18,1.31
2019-12-19,1.30
2019-12-20,1.30
2019-12-23,1.30
2019-12-24,1.29
2019-12-25,
2019-12-26,1.29
2019-12-27,1.29
2019-12-30,1.29
2019-12-31,1.30
2020-01-01,
2020-01-02,1.30
2020-01-03,1.32
2020-01-06,1.32
2020-01-07,1.33
2020-01-08,1.32
2020-01-09,1.31
2020-01-10,1.30
2020-01-13,1.29
2020-01-14,1.30
2020-01-15,1.30
2020-01-16,1.29
2020-01-17,1.27
2020-01-20,1.27
2020-01-21,1.27
2020-01-22,1.27
2020-01-23,1.28
2020-01-24,1.29
2020-01-27,1.34
2020-01-28,1.33
2020-01-29,1.33
2020-01-30,1.35
2020-01-31,1.39
2020-02-03,1.39
2020-02-04,1.36
2020-02-05,1.34
2020-02-06,1.33
2020-02-07,1.33
2020-02-10,1.34
2020-02-11,1.33
2020-02-12,1.31
2020-02-13,1.31
2020-02-14,1.31
2020-02-17,1.31
2020-02-18,1.31
2020-02-19,1.31
2020-02-20,1.33
2020-02-21,1.35
2020-02-24,1.40
2020-02-25,1.44
2020-02-26,1.46
2020-02-27,1.54
2020-02-28,1.65
2020-02-29,1.64
2020-03-02,1.68
2020-03-03,1.67
2020-03-04,1.66
2020-03-05,1.71
2020-03-06,1.87
2020-03-09,2.37
2020-03-10,2.37
2020-03-11,2.47
2020-03-12,2.77
2020-03-13,2.84
2020-03-16,3.13
2020-03-17,3.34
2020-03-18,3.68
2020-03-19,4.25
2020-03-20,4.65
2020-03-23,4.88
2020-03-24,4.74
2020-03-25,4.48
2020-03-26,4.24
2020-03-27,4.14
2020-03-30,4.05
2020-03-31,3.96
2020-04-01,3.98
2020-04-02,3.99
2020-04-03,4.01
2020-04-06,3.96
2020-04-07,3.83
2020-04-08,3.72
2020-04-09,3.43
2020-04-10,
2020-04-13,3.24
2020-04-14,3.11
2020-04-15,3.13
2020-04-16,3.10
2020-04-17,3.07
2020-04-20,3.10
2020-04-21,3.16
2020-04-22,3.14
2020-04-23,3.11
2020-04-24,3.11
2020-04-27,3.10
2020-04-28,3.09
2020-04-29,3.06
2020-04-30,2.82
2020-05-01,2.83
2020-05-04,2.85
2020-05-05,2.83
2020-05-06,2.83
2020-05-07,2.86
2020-05-08,2.87
2020-05-11,2.88
2020-05-12,2.87
2020-05-13,2.86
2020-05-14,2.87
2020-05-15,2.85
2020-05-18,2.76
2020-05-19,2.70
2020-05-20,2.63
2020-05-21,2.59
2020-05-22,2.57
2020-05-25,2.57
2020-05-26,2.52
2020-05-27,2.48
2020-05-28,2.45
2020-05-29,2.42
2020-05-31,2.44
2020-06-01,2.41
2020-06-02,2.36
2020-06-03,2.27
2020-06-04,2.21
2020-06-05,2.08
2020-06-08,2.03
2020-06-09,2.06
2020-06-10,2.08
2020-06-11,2.18
2020-06-12,2.18
2020-06-15,2.18
2020-06-16,2.04
2020-06-17,2.03
2020-06-18,2.04
2020-06-19,2.03
2020-06-22,2.03
2020-06-23,2.02
2020-06-24,2.06
2020-06-25,2.07
2020-06-26,2.09
2020-06-29,2.09
2020-06-30,2.07
2020-07-01,2.04
2020-07-02,2.01
2020-07-03,2.00
2020-07-06,1.97
2020-07-07,1.97
2020-07-08,1.97
2020-07-09,1.98
2020-07-10,1.98
2020-07-13,1.96
2020-07-14,1.96
2020-07-15,1.94
2020-07-16,1.93
2020-07-17,1.91
2020-07-20,1.88
2020-07-21,1.85
2020-07-22,1.83
2020-07-23,1.82
2020-07-24,1.83
2020-07-27,1.83
2020-07-28,1.84
2020-07-29,1.83
2020-07-30,1.84
2020-07-31,1.85
2020-08-03,1.83
2020-08-04,1.83
2020-08-05,1.80
2020-08-06,1.79
2020-08-07,1.77
2020-08-10,1.76
2020-08-11,1.74
2020-08-12,1.74
2020-08-13,1.74
2020-08-14,1.76
2020-08-17,1.77
2020-08-18,1.78
2020-08-19,1.78
2020-08-20,1.79
2020-08-21,1.78
2020-08-24,1.78
2020-08-25,1.77
2020-08-26,1.78
2020-08-27,1.78
2020-08-28,1.77
2020-08-31,1.76
2020-09-01,1.75
2020-09-02,1.73
2020-09-03,1.74
2020-09-04,1.74
2020-09-07,1.74
2020-09-08,1.76
2020-09-09,1.77
2020-09-10,1.77
2020-09-11,1.77
2020-09-14,1.76
2020-09-15,1.75
2020-09-16,1.74
2020-09-17,1.74
2020-09-18,1.74
2020-09-21,1.76
2020-09-22,1.76
2020-09-23,1.78
2020-09-24,1.83
2020-09-25,1.86
2020-09-28,1.85
2020-09-29,1.85
2020-09-30,1.84
2020-10-01,1.83
2020-10-02,1.83
2020-10-05,1.80
2020-10-06,1.77
2020-10-07,1.75
2020-10-08,1.74
2020-10-09,1.73
2020-10-12,1.73
2020-10-13,1.71
2020-10-14,1.71
2020-10-15,1.72
2020-10-16,1.71
2020-10-19,1.70
2020-10-20,1.70
2020-10-21,1.69
2020-10-22,1.68
2020-10-23,1.67
2020-10-26,1.68
2020-10-27,1.67
2020-10-28,1.70
2020-10-29,1.70
2020-10-30,1.71
2020-10-31,1.71
2020-11-02,1.71
2020-11-03,1.69
2020-11-04,1.66
2020-11-05,1.62
2020-11-06,1.60
2020-11-09,1.53
2020-11-10,1.52
2020-11-11,1.52
2020-11-12,1.54
2020-11-13,1.55
2020-11-16,1.52
2020-11-17,1.51
2020-11-18,1.49
2020-11-19,1.48
2020-11-20,1.48
2020-11-23,1.48
2020-11-24,1.46
2020-11-25,1.44
2020-11-26,1.44
2020-11-27,1.44
2020-11-30,1.43
2020-12-01,1.39
2020-12-02,1.37
2020-12-03,1.36
2020-12-04,1.35
2020-12-07,1.35
2020-12-08,1.37
2020-12-09,1.39
2020-12-10,1.39
2020-12-11,1.40
2020-12-14,1.39
2020-12-15,1.38
2020-12-16,1.36
2020-12-17,1.34
2020-12-18,1.34
2020-12-21,1.34
2020-12-22,1.34
2020-12-23,1.33
2020-12-24,1.33
2020-12-25,
2020-12-28,1.32
2020-12-29,1.31
2020-12-30,1.30
2020-12-31,1.30
2021-01-01,
2021-01-04,1.31
2021-01-05,1.32
2021-01-06,1.31
2021-01-07,1.29
2021-01-08,1.28
2021-01-11,1.27
2021-01-12,1.27
2021-01-13,1.26
2021-01-14,1.25
2021-01-15,1.25
2021-01-18,1.24
2021-01-19,1.24
2021-01-20,1.23
2021-01-21,1.24
2021-01-22,1.26
2021-01-25,1.27
2021-01-26,1.27
2021-01-27,1.28
2021-01-28,1.28
2021-01-29,1.27
2021-01-31,1.28
2021-02-01,1.29
2021-02-02,1.28
2021-02-03,1.27
2021-02-04,1.25
2021-02-05,1.24
2021-02-08,1.22
2021-02-09,1.22
2021-02-10,1.22
2021-02-11,1.22
2021-02-12,1.22
2021-02-15,1.21
2021-02-16,1.19
2021-02-17,1.18
2021-02-18,1.18
2021-02-19,1.18
2021-02-22,1.19
2021-02-23,1.21
2021-02-24,1.20
2021-02-25,1.19
2021-02-26,1.19
2021-02-28,1.19
2021-03-01,1.20
2021-03-02,1.20
2021-03-03,1.19
2021-03-04,1.21
2021-03-05,1.24
2021-03-08,1.26
2021-03-09,1.29
2021-03-10,1.28
2021-03-11,1.27
2021-03-12,1.26
2021-03-15,1.26
2021-03-16,1.25
2021-03-17,1.26
2021-03-18,1.24
2021-03-19,1.24
2021-03-22,1.23
2021-03-23,1.24
2021-03-24,1.25
2021-03-25,1.26
2021-03-26,1.24
2021-03-29,1.23
2021-03-30,1.22
2021-03-31,1.19
2021-04-01,1.18
2021-04-02,
2021-04-05,1.17
2021-04-06,1.18
2021-04-07,1.17
2021-04-08,1.17
2021-04-09,1.17
2021-04-12,1.16
2021-04-13,1.17
2021-04-14,1.16
2021-04-15,1.16
2021-04-16,1.17
2021-04-19,1.18
2021-04-20,1.19
2021-04-21,1.19
2021-04-22,1.18
2021-04-23,1.17
2021-04-26,1.17
2021-04-27,1.16
2021-04-28,1.16
2021-04-29,1.16
2021-04-30,1.17
2021-05-03,1.16
2021-05-04,1.17
2021-05-05,1.16
2021-05-06,1.16
2021-05-07,1.15
2021-05-10,1.15
2021-05-11,1.16
2021-05-12,1.15
2021-05-13,1.16
2021-05-14,1.15
2021-05-17,1.14
2021-05-18,1.14
2021-05-19,1.14
2021-05-20,1.14
2021-05-21,1.14
2021-05-24,1.13
2021-05-25,1.13
2021-05-26,1.13
2021-05-27,1.13
2021-05-28,1.12
2021-05-31,1.13
2021-06-01,1.13
2021-06-02,1.13
2021-06-03,1.13
2021-06-04,1.13
2021-06-07,1.13
2021-06-08,1.13
2021-06-09,1.13
2021-06-10,1.12
2021-06-11,1.11
2021-06-14,1.10
2021-06-15,1.10
2021-06-16,1.08
2021-06-17,1.08
2021-06-18,1.08
2021-06-21,1.08
2021-06-22,1.08
2021-06-23,1.09
2021-06-24,1.08
2021-06-25,1.07
2021-06-28,1.07
2021-06-29,1.07
2021-06-30,1.07
2021-07-01,1.08
2021-07-02,1.08
2021-07-05,1.08
2021-07-06,1.08
2021-07-07,1.09
2021-07-08,1.12
2021-07-09,1.11
2021-07-12,1.11
2021-07-13,1.10
2021-07-14,1.10
2021-07-15,1.11
2021-07-16,1.12
2021-07-19,1.14
2021-07-20,1.15
2021-07-21,1.14
2021-07-22,1.13
2021-07-23,1.13
2021-07-26,1.13
2021-07-27,1.13
2021-07-28,1.12
2021-07-29,1.12
2021-07-30,1.12
2021-07-31,1.13
2021-08-02,1.14
2021-08-03,1.15
2021-08-04,1.15
2021-08-05,1.15
2021-08-06,1.15
2021-08-09,1.15
2021-08-10,1.15
2021-08-11,1.15
2021-08-12,1.15
2021-08-13,1.14
2021-08-16,1.15
2021-08-17,1.15
2021-08-18,1.16
2021-08-19,1.17
2021-08-20,1.17
2021-08-23,1.17
2021-08-24,1.16
2021-08-25,1.15
2021-08-26,1.14
2021-08-27,1.14
2021-08-30,1.14
2021-08-31,1.14
2021-09-01,1.14
2021-09-02,1.14
2021-09-03,1.13
2021-09-06,1.13
2021-09-07,1.13
2021-09-08,1.14
2021-09-09,1.13
2021-09-10,1.12
2021-09-13,1.12
2021-09-14,1.12
2021-09-15,1.12
2021-09-16,1.11
2021-09-17,1.10
2021-09-20,1.12
2021-09-21,1.12
2021-09-22,1.11
2021-09-23,1.09
2021-09-24,1.08
2021-09-27,1.07
2021-09-28,1.08
2021-09-29,1.07
2021-09-30,1.10
2021-10-01,1.10
2021-10-04,1.11
2021-10-05,1.10
2021-10-06,1.11
2021-10-07,1.11
2021-10-08,1.11
2021-10-11,1.11
2021-10-12,1.12
2021-10-13,1.12
2021-10-14,1.12
2021-10-15,1.10
2021-10-18,1.10
2021-10-19,1.10
2021-10-20,1.10
2021-10-21,1.10
2021-10-22,1.11
2021-10-25,1.10
2021-10-26,1.10
2021-10-27,1.10
2021-10-28,1.10
2021-10-29,1.10
2021-10-31,1.11
2021-11-01,1.12
2021-11-02,1.12
2021-11-03,1.12
2021-11-04,1.12
2021-11-05,1.11
2021-11-08,1.11
2021-11-09,1.12
2021-11-10,1.11
2021-11-11,1.11
2021-11-12,1.12
2021-11-15,1.12
2021-11-16,1.14
2021-11-17,1.15
2021-11-18,1.15
2021-11-19,1.15
2021-11-22,1.15
2021-11-23,1.18
2021-11-24,1.17
2021-11-25,1.17
2021-11-26,1.23
2021-11-29,1.24
2021-11-30,1.26
2021-12-01,1.27
2021-12-02,1.28
2021-12-03,1.27
2021-12-06,1.25
2021-12-07,1.22
2021-12-08,1.22
2021-12-09,1.22
2021-12-10,1.22
2021-12-13,1.23
2021-12-14,1.23
2021-12-15,1.24
2021-12-16,1.24
2021-12-17,1.24
2021-12-20,1.26
2021-12-21,1.25
2021-12-22,1.24
2021-12-23,1.23
2021-12-24,
2021-12-27,1.22
2021-12-28,1.21
2021-12-29,1.20
2021-12-30,1.20
2021-12-31,1.21
2022-01-03,1.20
2022-01-04,1.19
2022-01-05,1.17
2022-01-06,1.17
2022-01-07,1.17
2022-01-10,1.18
2022-01-11,1.19
2022-01-12,1.19
2022-01-13,1.20
2022-01-14,1.20
2022-01-17,1.20
2022-01-18,1.21
2022-01-19,1.22
2022-01-20,1.23
2022-01-21,1.26
2022-01-24,1.29
2022-01-25,1.28
2022-01-26,1.26
2022-01-27,1.31
2022-01-28,1.33
2022-01-31,1.34
2022-02-01,1.33
2022-02-02,1.32
2022-02-03,1.33
2022-02-04,1.33
2022-02-07,1.35
2022-02-08,1.34
2022-02-09,1.33
2022-02-10,1.32
2022-02-11,1.35
2022-02-14,1.36
2022-02-15,1.36
2022-02-16,1.39
2022-02-17,1.43
2022-02-18,1.46
2022-02-21,1.46
2022-02-22,1.49
2022-02-23,1.50
2022-02-24,1.59
2022-02-25,1.54
2022-02-28,1.60
2022-03-01,1.64
2022-03-02,1.64
2022-03-03,1.64
2022-03-04,1.69
2022-03-07,1.75
2022-03-08,1.81
2022-03-09,1.79
2022-03-10,1.80
2022-03-11,1.82
2022-03-14,1.84
2022-03-15,1.85
2022-03-16,1.79
2022-03-17,1.71
2022-03-18,1.69
2022-03-21,1.65
2022-03-22,1.63
2022-03-23,1.63
2022-03-24,1.64
2022-03-25,1.61
2022-03-28,1.61
2022-03-29,1.57
2022-03-30,1.56
2022-03-31,1.49
2022-04-01,1.47
2022-04-04,1.44
2022-04-05,1.42
2022-04-06,1.44
2022-04-07,1.45
2022-04-08,1.46
2022-04-11,1.50
2022-04-12,1.52
2022-04-13,1.55
2022-04-14,1.54
2022-04-15,
2022-04-18,1.54
2022-04-19,1.55
2022-04-20,1.56
2022-04-21,1.57
2022-04-22,1.61
2022-04-25,1.64
2022-04-26,1.65
2022-04-27,1.68
2022-04-28,1.67
2022-04-29,1.69
2022-04-30,1.71
2022-05-02,1.72
2022-05-03,1.71
2022-05-04,1.71
2022-05-05,1.70
2022-05-06,1.71
2022-05-09,1.75
2022-05-10,1.77
2022-05-11,1.77
2022-05-12,1.80
2022-05-13,1.80
2022-05-16,1.82
2022-05-17,1.82
2022-05-18,1.86
2022-05-19,1.88
2022-05-20,1.89
2022-05-23,1.87
2022-05-24,1.88
2022-05-25,1.83
2022-05-26,1.78
2022-05-27,1.75
2022-05-30,1.76
2022-05-31,1.73
2022-06-01,1.70
2022-06-02,1.71
2022-06-03,1.71
2022-06-06,1.69
2022-06-07,1.71
2022-06-08,1.69
2022-06-09,1.71
2022-06-10,1.75
2022-06-13,1.80
2022-06-14,1.80
2022-06-15,1.80
2022-06-16,1.85
2022-06-17,1.86
2022-06-20,1.86
2022-06-21,1.85
2022-06-22,1.91
2022-06-23,1.94
2022-06-24,1.92
2022-06-27,1.91
2022-06-28,1.94
2022-06-29,1.97
2022-06-30,2.04
2022-07-01,2.05
2022-07-04,2.05
2022-07-05,2.08
2022-07-06,2.06
2022-07-07,2.00
2022-07-08,1.97
2022-07-11,1.99
2022-07-12,1.99
2022-07-13,2.00
2022-07-14,2.01
2022-07-15,1.99
2022-07-18,1.96
2022-07-19,1.94
2022-07-20,1.92
2022-07-21,1.92
2022-07-22,1.92
2022-07-25,1.94
2022-07-26,1.96
2022-07-27,1.95
2022-07-28,1.94
2022-07-29,1.91
2022-07-31,1.92
2022-08-01,1.91
2022-08-02,1.89
2022-08-03,1.88
2022-08-04,1.88
2022-08-05,1.86
2022-08-08,1.86
2022-08-09,1.87
2022-08-10,1.83
2022-08-11,1.79
2022-08-12,1.77
2022-08-15,1.76
2022-08-16,1.75
2022-08-17,1.76
2022-08-18,1.76
2022-08-19,1.78
2022-08-22,1.80
2022-08-23,1.81
2022-08-24,1.80
2022-08-25,1.78
2022-08-26,1.78
2022-08-29,1.81
2022-08-30,1.82
2022-08-31,1.85
2022-09-01,1.88
2022-09-02,1.88
2022-09-05,1.88
2022-09-06,1.88
2022-09-07,1.88
2022-09-08,1.86
2022-09-09,1.83
2022-09-12,1.82
2022-09-13,1.83
2022-09-14,1.82
2022-09-15,1.81
2022-09-16,1.84
2022-09-19,1.84
2022-09-20,1.83
2022-09-21,1.83
2022-09-22,1.84
2022-09-23,1.87
2022-09-26,1.91
2022-09-27,1.95
2022-09-28,2.06
2022-09-29,2.07
2022-09-30,2.06
2022-10-03,2.03
2022-10-04,1.99
2022-10-05,1.99
2022-10-06,1.96
2022-10-07,1.98
2022-10-10,1.98
2022-10-11,2.05
2022-10-12,2.10
2022-10-13,2.10
2022-10-14,2.09
2022-10-17,2.09
2022-10-18,2.07
2022-10-19,2.08
2022-10-20,2.07
2022-10-21,2.09
2022-10-24,2.06
2022-10-25,2.06
2022-10-26,2.05
2022-10-27,2.06
2022-10-28,2.03
2022-10-31,2.03
2022-11-01,2.01
2022-11-02,1.99
2022-11-03,2.01
2022-11-04,1.99
2022-11-07,1.96
2022-11-08,1.96
2022-11-09,1.97
2022-11-10,1.94
2022-11-11,1.94
2022-11-14,1.87
2022-11-15,1.83
2022-11-16,1.83
2022-11-17,1.82
2022-11-18,1.79
2022-11-21,1.78
2022-11-22,1.77
2022-11-23,1.76
2022-11-24,1.76
2022-11-25,1.75
2022-11-28,1.75
2022-11-29,1.76
2022-11-30,1.77
2022-12-01,1.75
2022-12-02,1.74
2022-12-05,1.73
2022-12-06,1.73
2022-12-07,1.74
2022-12-08,1.72
2022-12-09,1.71
2022-12-12,1.70
2022-12-13,1.70
2022-12-14,1.70
2022-12-15,1.72
2022-12-16,1.73
2022-12-19,1.73
2022-12-20,1.75
2022-12-21,1.74
2022-12-22,1.73
2022-12-23,1.72
2022-12-26,
2022-12-27,1.71
2022-12-28,1.73
2022-12-29,1.71
2022-12-30,1.71
2022-12-31,1.72
2023-01-02,
2023-01-03,1.73
2023-01-04,1.73
2023-01-05,1.73
2023-01-06,1.73
2023-01-09,1.70
2023-01-10,1.67
2023-01-11,1.65
2023-01-12,1.64
2023-01-13,1.63
2023-01-16,1.63
2023-01-17,1.60
2023-01-18,1.60
2023-01-19,1.61
2023-01-20,1.60
2023-01-23,1.59
2023-01-24,1.59
2023-01-25,1.59
2023-01-26,1.56
2023-01-27,1.55
2023-01-30,1.55
2023-01-31,1.56
2023-02-01,1.56
2023-02-02,1.52
2023-02-03,1.50
2023-02-06,1.50
2023-02-07,1.51
2023-02-08,1.51
2023-02-09,1.51
2023-02-10,1.54
2023-02-13,1.55
2023-02-14,1.54
2023-02-15,1.54
2023-02-16,1.54
2023-02-17,1.57
2023-02-20,1.57
2023-02-21,1.59
2023-02-22,1.59
2023-02-23,1.59
2023-02-24,1.59
2023-02-27,1.59
2023-02-28,1.60
2023-03-01,1.59
2023-03-02,1.58
2023-03-03,1.56
2023-03-06,1.54
2023-03-07,1.55
2023-03-08,1.58
2023-03-09,1.61
2023-03-10,1.69
2023-03-13,1.84
2023-03-14,1.83
2023-03-15,1.98
2023-03-16,1.96
2023-03-17,1.97
2023-03-20,1.96
2023-03-21,1.85
2023-03-22,1.83
2023-03-23,1.85
2023-03-24,1.88
2023-03-27,1.85
2023-03-28,1.86
2023-03-29,1.83
2023-03-30,1.80
2023-03-31,1.77
2023-04-03,1.75
2023-04-04,1.76
2023-04-05,1.78
2023-04-06,1.79
2023-04-07,
2023-04-10,1.78
2023-04-11,1.76
2023-04-12,1.76
2023-04-13,1.75
2023-04-14,1.72
2023-04-17,1.70
2023-04-18,1.69
2023-04-19,1.69
2023-04-20,1.71
2023-04-21,1.70
2023-04-24,1.70
2023-04-25,1.73
2023-04-26,1.73
2023-04-27,1.71
2023-04-28,1.72
2023-04-30,1.74
2023-05-01,1.73
2023-05-02,1.78
2023-05-03,1.79
2023-05-04,1.85
2023-05-05,1.83
2023-05-08,1.83
2023-05-09,1.83
2023-05-10,1.83
2023-05-11,1.83
2023-05-12,1.82
2023-05-15,1.83
2023-05-16,1.84
2023-05-17,1.83
2023-05-18,1.82
2023-05-19,1.79
2023-05-22,1.78
2023-05-23,1.78
2023-05-24,1.78
2023-05-25,1.75
2023-05-26,1.74
2023-05-29,1.75
2023-05-30,1.74
2023-05-31,1.76
2023-06-01,1.76
2023-06-02,1.73
2023-06-05,1.73
2023-06-06,1.73
2023-06-07,1.73
2023-06-08,1.74
2023-06-09,1.73
2023-06-12,1.74
2023-06-13,1.71
2023-06-14,1.70
2023-06-15,1.70
2023-06-16,1.67
2023-06-19,1.67
2023-06-20,1.66
2023-06-21,1.67
2023-06-22,1.66
2023-06-23,1.67
2023-06-26,1.67
2023-06-27,1.66
2023-06-28,1.65
2023-06-29,1.62
2023-06-30,1.61
2023-07-03,1.60
2023-07-04,1.60
2023-07-05,1.58
2023-07-06,1.59
2023-07-07,1.58
2023-07-10,1.59
2023-07-11,1.58
2023-07-12,1.56
2023-07-13,1.56
2023-07-14,1.57
2023-07-17,1.58
2023-07-18,1.58
2023-07-19,1.57
2023-07-20,1.56
2023-07-21,1.55
2023-07-24,1.53
2023-07-25,1.52
2023-07-26,1.52
2023-07-27,1.48
2023-07-28,1.48
2023-07-31,1.47
2023-08-01,1.47
2023-08-02,1.50
2023-08-03,1.51
2023-08-04,1.51
2023-08-07,1.51
2023-08-08,1.52
2023-08-09,1.52
2023-08-10,1.51
2023-08-11,1.51
2023-08-14,1.51
2023-08-15,1.52
2023-08-16,1.53
2023-08-17,1.55
2023-08-18,1.56
2023-08-21,1.55
2023-08-22,1.54
2023-08-23,1.54
2023-08-24,1.52
2023-08-25,1.51
2023-08-28,1.51
2023-08-29,1.51
2023-08-30,1.51
2023-08-31,1.51
2023-09-01,1.51
2023-09-04,1.51
2023-09-05,1.51
2023-09-06,1.52
2023-09-07,1.52
2023-09-08,1.51
2023-09-11,1.51
2023-09-12,1.52
2023-09-13,1.53
2023-09-14,1.51
2023-09-15,1.51
2023-09-18,1.51
2023-09-19,1.50
2023-09-20,1.48
2023-09-21,1.48
2023-09-22,1.48
2023-09-25,1.47
2023-09-26,1.48
2023-09-27,1.49
2023-09-28,1.51
2023-09-29,1.51
2023-09-30,1.53
2023-10-02,1.54
2023-10-03,1.57
2023-10-04,1.58
2023-10-05,1.59
2023-10-06,1.58
2023-10-09,1.58
2023-10-10,1.58
2023-10-11,1.57
2023-10-12,1.56
2023-10-13,1.57
2023-10-16,1.56
2023-10-17,1.56
2023-10-18,1.58
2023-10-19,1.60
2023-10-20,1.63
2023-10-23,1.63
2023-10-24,1.60
2023-10-25,1.59
2023-10-26,1.60
2023-10-27,1.61
2023-10-30,1.62
2023-10-31,1.62
2023-11-01,1.63
2023-11-02,1.59
2023-11-03,1.58
2023-11-06,1.58
2023-11-07,1.58
2023-11-08,1.58
2023-11-09,1.56
2023-11-10,1.56
2023-11-13,1.55
2023-11-14,1.52
2023-11-15,1.51
2023-11-16,1.50
2023-11-17,1.48
2023-11-20,1.46
2023-11-21,1.46
2023-11-22,1.43
2023-11-23,1.43
2023-11-24,1.42
2023-11-27,1.41
2023-11-28,1.41
2023-11-29,1.38
2023-11-30,1.39
2023-12-01,1.39
2023-12-04,1.38
2023-12-05,1.39
2023-12-06,1.40
2023-12-07,1.39
2023-12-08,1.38
2023-12-11,1.38
2023-12-12,1.36
2023-12-13,1.35
2023-12-14,1.31
2023-12-15,1.31
2023-12-18,1.31
2023-12-19,1.32
2023-12-20,1.33
2023-12-21,1.33
2023-12-22,1.33
2023-12-25,
2023-12-26,1.32
2023-12-27,1.31
2023-12-28,1.29
2023-12-29,1.29
2023-12-31,1.29
2024-01-01,
2024-01-02,1.31
2024-01-03,1.34
2024-01-04,1.34
2024-01-05,1.33
2024-01-08,1.32
2024-01-09,1.30
2024-01-10,1.28
2024-01-11,1.27
2024-01-12,1.26
2024-01-15,1.26
2024-01-16,1.26
2024-01-17,1.26
2024-01-18,1.24
2024-01-19,1.24
2024-01-22,1.24
2024-01-23,1.24
2024-01-24,1.23
2024-01-25,1.22
2024-01-26,1.21
2024-01-29,1.22
2024-01-30,1.23
2024-01-31,1.26
2024-02-01,1.28
2024-02-02,1.25
2024-02-05,1.24
2024-02-06,1.24
2024-02-07,1.24
2024-02-08,1.23
2024-02-09,1.24
2024-02-12,1.24
2024-02-13,1.22
2024-02-14,1.22
2024-02-15,1.20
2024-02-16,1.19
2024-02-19,1.20
2024-02-20,1.19
2024-02-21,1.18
2024-02-22,1.16
2024-02-23,1.18
2024-02-26,1.20
2024-02-27,1.20
2024-02-28,1.22
2024-02-29,1.24
2024-03-01,1.25
2024-03-04,1.24
2024-03-05,1.25
2024-03-06,1.25
2024-03-07,1.24
2024-03-08,1.23
2024-03-11,1.23
2024-03-12,1.21
2024-03-13,1.19
2024-03-14,1.17
2024-03-15,1.17
2024-03-18,1.15
2024-03-19,1.15
2024-03-20,1.16
2024-03-21,1.14
2024-03-22,1.15
2024-03-25,1.15
2024-03-26,1.16
2024-03-27,1.16
2024-03-28,1.15
2024-03-29,
2024-03-31,1.17
2024-04-01,1.16
2024-04-02,1.16
2024-04-03,1.14
2024-04-04,1.15
2024-04-05,1.14
2024-04-08,1.13
2024-04-09,1.13
2024-04-10,1.11
2024-04-11,1.11
2024-04-12,1.13
2024-04-15,1.15
2024-04-16,1.17
2024-04-17,1.17
2024-04-18,1.17
2024-04-19,1.17
2024-04-22,1.16
2024-04-23,1.14
2024-04-24,1.14
2024-04-25,1.14
2024-04-26,1.13
2024-04-29,1.12
2024-04-30,1.14
2024-05-01,1.14
2024-05-02,1.13
2024-05-03,1.11
2024-05-06,1.10
2024-05-07,1.10
2024-05-08,1.11
2024-05-09,1.11
2024-05-10,1.12
2024-05-13,1.12
2024-05-14,1.12
2024-05-15,1.12
2024-05-16,1.11
2024-05-17,1.11
2024-05-20,1.10
2024-05-21,1.10
2024-05-22,1.11
2024-05-23,1.10
2024-05-24,1.10
2024-05-27,1.10
2024-05-28,1.09
2024-05-29,1.09
2024-05-30,1.09
2024-05-31,1.10
2024-06-03,1.10
2024-06-04,1.11
2024-06-05,1.13
2024-06-06,1.13
2024-06-07,1.12
2024-06-10,1.12
2024-06-11,1.12
2024-06-12,1.12
2024-06-13,1.14
2024-06-14,1.17
2024-06-17,1.17
2024-06-18,1.17
2024-06-19,1.18
2024-06-20,1.18
2024-06-21,1.18
2024-06-24,1.18
2024-06-25,1.18
2024-06-26,1.18
2024-06-27,1.18
2024-06-28,1.17
2024-06-30,1.19
2024-07-01,1.16
2024-07-02,1.15
2024-07-03,1.15
2024-07-04,1.15
2024-07-05,1.15
2024-07-08,1.14
2024-07-09,1.14
2024-07-10,1.14
2024-07-11,1.15
2024-07-12,1.14
2024-07-15,1.14
2024-07-16,1.14
2024-07-17,1.15
2024-07-18,1.15
2024-07-19,1.15
2024-07-22,1.15
2024-07-23,1.15
2024-07-24,1.18
2024-07-25,1.17
2024-07-26,1.17
2024-07-29,1.17
2024-07-30,1.18
2024-07-31,1.20
2024-08-01,1.23
2024-08-02,1.30
2024-08-05,1.37
2024-08-06,1.32
2024-08-07,1.31
2024-08-08,1.29
2024-08-09,1.28
2024-08-12,1.29
2024-08-13,1.28
2024-08-14,1.26
2024-08-15,1.22
2024-08-16,1.21
2024-08-19,1.21
2024-08-20,1.22
2024-08-21,1.22
2024-08-22,1.21
2024-08-23,1.20
2024-08-26,1.19
2024-08-27,1.19
2024-08-28,1.19
2024-08-29,1.19
2024-08-30,1.18
2024-08-31,1.19
2024-09-02,1.19
2024-09-03,1.22
2024-09-04,1.23
2024-09-05,1.23
2024-09-06,1.24
2024-09-09,1.23
2024-09-10,1.25
2024-09-11,1.25
2024-09-12,1.24
2024-09-13,1.23
2024-09-16,1.22
2024-09-17,1.20
2024-09-18,1.19
2024-09-19,1.16
2024-09-20,1.17
2024-09-23,1.16
2024-09-24,1.15
2024-09-25,1.15
2024-09-26,1.15
2024-09-27,1.15
2024-09-30,1.16
2024-10-01,1.16
2024-10-02,1.15
2024-10-03,1.13
2024-10-04,1.10
2024-10-07,1.09
2024-10-08,1.09
2024-10-09,1.08
2024-10-10,1.07
2024-10-11,1.06
2024-10-14,1.06
2024-10-15,1.05
2024-10-16,1.05
2024-10-17,1.04
2024-10-18,1.05
2024-10-21,1.07
2024-10-22,1.07
2024-10-23,1.08
2024-10-24,1.08
2024-10-25,1.07
2024-10-28,1.06
2024-10-29,1.06
2024-10-30,1.06
2024-10-31,1.08
2024-11-01,1.07
2024-11-04,1.07
2024-11-05,1.06
2024-11-06,1.01
2024-11-07,0.99
2024-11-08,0.98
2024-11-11,0.98
2024-11-12,0.97
2024-11-13,0.99
2024-11-14,1.00
2024-11-15,1.01
2024-11-18,1.00
2024-11-19,1.00
2024-11-20,1.01
2024-11-21,1.01
2024-11-22,1.00
2024-11-25,1.00
2024-11-26,1.01
2024-11-27,1.02
2024-11-28,1.02
2024-11-29,1.02
2024-11-30,1.03
2024-12-02,1.01
2024-12-03,1.00
2024-12-04,1.01
2024-12-05,1.01
2024-12-06,1.02
2024-12-09,1.01
2024-12-10,1.00
2024-12-11,0.98
2024-12-12,0.99
2024-12-13,0.98
2024-12-16,0.98
2024-12-17,0.99
2024-12-18,0.98
2024-12-19,1.02
2024-12-20,1.02
2024-12-23,1.02
2024-12-24,1.01
2024-12-25,
2024-12-26,1.00
2024-12-27,1.00
2024-12-30,1.01
2024-12-31,1.02
